round,node,ul_bytes,dl_bytes,energy_mj
0,0,2221416,2221416,31966.664536
0,1,1480944,1480944,31966.665246
0,2,1480944,1480944,31966.665246
0,3,1727768,1727768,31966.665010
0,4,1480944,1480944,31966.665246
0,5,493648,493648,31966.666193
0,6,1234120,1234120,31966.665483
0,7,1480944,1480944,31966.665246
0,8,740472,740472,31966.665957
0,9,493648,493648,31966.666193
0,10,987296,987296,31966.665720
0,11,1234120,1234120,31966.665483
0,12,740472,740472,31966.665957
0,13,1727768,1727768,31966.665010
0,14,493648,493648,31966.666193
0,15,493648,493648,31966.666193
0,16,493648,493648,31966.666193
0,17,740472,740472,31966.665957
0,18,493648,493648,31966.666193
0,19,493648,493648,31966.666193
0,20,493648,493648,31966.666193
0,21,493648,493648,31966.666193
0,22,493648,493648,31966.666193
0,23,493648,493648,31966.666193
0,24,493648,493648,31966.666193
0,25,493648,493648,31966.666193
0,26,493648,493648,31966.666193
0,27,493648,493648,31966.666193
0,28,493648,493648,31966.666193
0,29,493648,493648,31966.666193
1,0,1974592,1974592,31966.664773
1,1,1974592,1974592,31966.664773
1,2,1234120,1234120,31966.665483
1,3,1480944,1480944,31966.665246
1,4,1727768,1727768,31966.665010
1,5,493648,493648,31966.666193
1,6,1480944,1480944,31966.665246
1,7,1480944,1480944,31966.665246
1,8,740472,740472,31966.665957
1,9,740472,740472,31966.665957
1,10,987296,987296,31966.665720
1,11,1234120,1234120,31966.665483
1,12,740472,740472,31966.665957
1,13,1727768,1727768,31966.665010
1,14,493648,493648,31966.666193
1,15,493648,493648,31966.666193
1,16,493648,493648,31966.666193
1,17,740472,740472,31966.665957
1,18,493648,493648,31966.666193
1,19,493648,493648,31966.666193
1,20,493648,493648,31966.666193
1,21,493648,493648,31966.666193
1,22,493648,493648,31966.666193
1,23,493648,493648,31966.666193
1,24,493648,493648,31966.666193
1,25,493648,493648,31966.666193
1,26,493648,493648,31966.666193
1,27,493648,493648,31966.666193
1,28,493648,493648,31966.666193
1,29,493648,493648,31966.666193
2,0,1480944,1480944,31966.665246
2,1,1727768,1727768,31966.665010
2,2,1234120,1234120,31966.665483
2,3,1480944,1480944,31966.665246
2,4,1234120,1234120,31966.665483
2,5,740472,740472,31966.665957
2,6,1480944,1480944,31966.665246
2,7,1480944,1480944,31966.665246
2,8,740472,740472,31966.665957
2,9,493648,493648,31966.666193
2,10,987296,987296,31966.665720
2,11,1234120,1234120,31966.665483
2,12,740472,740472,31966.665957
2,13,1480944,1480944,31966.665246
2,14,493648,493648,31966.666193
2,15,493648,493648,31966.666193
2,16,493648,493648,31966.666193
2,17,740472,740472,31966.665957
2,18,493648,493648,31966.666193
2,19,493648,493648,31966.666193
2,20,493648,493648,31966.666193
2,21,493648,493648,31966.666193
2,22,493648,493648,31966.666193
2,23,493648,493648,31966.666193
2,24,493648,493648,31966.666193
2,25,493648,493648,31966.666193
2,26,493648,493648,31966.666193
2,27,493648,493648,31966.666193
2,28,493648,493648,31966.666193
2,29,493648,493648,31966.666193
3,0,2221416,2221416,31966.664536
3,1,1234120,1234120,31966.665483
3,2,1234120,1234120,31966.665483
3,3,1480944,1480944,31966.665246
3,4,1234120,1234120,31966.665483
3,5,493648,493648,31966.666193
3,6,1480944,1480944,31966.665246
3,7,1480944,1480944,31966.665246
3,8,740472,740472,31966.665957
3,9,740472,740472,31966.665957
3,10,987296,987296,31966.665720
3,11,1234120,1234120,31966.665483
3,12,740472,740472,31966.665957
3,13,1727768,1727768,31966.665010
3,14,493648,493648,31966.666193
3,15,493648,493648,31966.666193
3,16,493648,493648,31966.666193
3,17,740472,740472,31966.665957
3,18,493648,493648,31966.666193
3,19,493648,493648,31966.666193
3,20,493648,493648,31966.666193
3,21,493648,493648,31966.666193
3,22,493648,493648,31966.666193
3,23,493648,493648,31966.666193
3,24,493648,493648,31966.666193
3,25,493648,493648,31966.666193
3,26,493648,493648,31966.666193
3,27,493648,493648,31966.666193
3,28,493648,493648,31966.666193
3,29,493648,493648,31966.666193
4,0,1974592,1974592,31966.664773
4,1,1727768,1727768,31966.665010
4,2,1234120,1234120,31966.665483
4,3,1974592,1974592,31966.664773
4,4,1234120,1234120,31966.665483
4,5,493648,493648,31966.666193
4,6,1480944,1480944,31966.665246
4,7,1480944,1480944,31966.665246
4,8,740472,740472,31966.665957
4,9,740472,740472,31966.665957
4,10,987296,987296,31966.665720
4,11,1234120,1234120,31966.665483
4,12,740472,740472,31966.665957
4,13,1480944,1480944,31966.665246
4,14,493648,493648,31966.666193
4,15,493648,493648,31966.666193
4,16,493648,493648,31966.666193
4,17,740472,740472,31966.665957
4,18,493648,493648,31966.666193
4,19,493648,493648,31966.666193
4,20,493648,493648,31966.666193
4,21,493648,493648,31966.666193
4,22,493648,493648,31966.666193
4,23,493648,493648,31966.666193
4,24,493648,493648,31966.666193
4,25,493648,493648,31966.666193
4,26,493648,493648,31966.666193
4,27,493648,493648,31966.666193
4,28,493648,493648,31966.666193
4,29,493648,493648,31966.666193
5,0,2221416,2221416,31966.664536
5,1,1480944,1480944,31966.665246
5,2,1234120,1234120,31966.665483
5,3,1480944,1480944,31966.665246
5,4,987296,987296,31966.665720
5,5,740472,740472,31966.665957
5,6,1480944,1480944,31966.665246
5,7,1234120,1234120,31966.665483
5,8,740472,740472,31966.665957
5,9,740472,740472,31966.665957
5,10,987296,987296,31966.665720
5,11,1234120,1234120,31966.665483
5,12,740472,740472,31966.665957
5,13,1727768,1727768,31966.665010
5,14,493648,493648,31966.666193
5,15,493648,493648,31966.666193
5,16,493648,493648,31966.666193
5,17,740472,740472,31966.665957
5,18,493648,493648,31966.666193
5,19,493648,493648,31966.666193
5,20,493648,493648,31966.666193
5,21,493648,493648,31966.666193
5,22,493648,493648,31966.666193
5,23,493648,493648,31966.666193
5,24,493648,493648,31966.666193
5,25,493648,493648,31966.666193
5,26,493648,493648,31966.666193
5,27,493648,493648,31966.666193
5,28,493648,493648,31966.666193
5,29,493648,493648,31966.666193
6,0,1727768,1727768,32049.998339
6,1,1727768,1727768,32049.998339
6,2,1234120,1234120,32049.998813
6,3,1480944,1480944,32049.998576
6,4,1234120,1234120,32049.998813
6,5,493648,493648,32049.999525
6,6,1234120,1234120,32049.998813
6,7,1480944,1480944,32049.998576
6,8,740472,740472,32049.999288
6,9,493648,493648,32049.999525
6,10,987296,987296,32049.999051
6,11,1234120,1234120,32049.998813
6,12,740472,740472,32049.999288
6,13,1727768,1727768,32049.998339
6,14,493648,493648,32049.999525
6,15,493648,493648,32049.999525
6,16,740472,740472,32049.999288
6,17,740472,740472,32049.999288
6,18,493648,493648,32049.999525
6,19,740472,740472,32049.999288
6,20,493648,493648,32049.999525
6,21,493648,493648,32049.999525
6,22,493648,493648,32049.999525
6,23,493648,493648,32049.999525
6,24,493648,493648,32049.999525
6,25,493648,493648,32049.999525
6,26,493648,493648,32049.999525
6,27,493648,493648,32049.999525
6,28,493648,493648,32049.999525
6,29,493648,493648,32049.999525
7,0,1727768,1727768,31966.665010
7,1,1480944,1480944,31966.665246
7,2,1480944,1480944,31966.665246
7,3,1480944,1480944,31966.665246
7,4,1480944,1480944,31966.665246
7,5,493648,493648,31966.666193
7,6,1480944,1480944,31966.665246
7,7,1234120,1234120,31966.665483
7,8,740472,740472,31966.665957
7,9,740472,740472,31966.665957
7,10,987296,987296,31966.665720
7,11,1234120,1234120,31966.665483
7,12,740472,740472,31966.665957
7,13,1727768,1727768,31966.665010
7,14,493648,493648,31966.666193
7,15,493648,493648,31966.666193
7,16,493648,493648,31966.666193
7,17,740472,740472,31966.665957
7,18,493648,493648,31966.666193
7,19,493648,493648,31966.666193
7,20,493648,493648,31966.666193
7,21,493648,493648,31966.666193
7,22,493648,493648,31966.666193
7,23,493648,493648,31966.666193
7,24,493648,493648,31966.666193
7,25,493648,493648,31966.666193
7,26,493648,493648,31966.666193
7,27,493648,493648,31966.666193
7,28,493648,493648,31966.666193
7,29,493648,493648,31966.666193
8,0,1974592,1974592,32049.998101
8,1,1480944,1480944,32049.998576
8,2,1234120,1234120,32049.998813
8,3,1974592,1974592,32049.998101
8,4,987296,987296,32049.999051
8,5,740472,740472,32049.999288
8,6,1234120,1234120,32049.998813
8,7,1480944,1480944,32049.998576
8,8,740472,740472,32049.999288
8,9,740472,740472,32049.999288
8,10,987296,987296,32049.999051
8,11,1234120,1234120,32049.998813
8,12,740472,740472,32049.999288
8,13,1480944,1480944,32049.998576
8,14,493648,493648,32049.999525
8,15,493648,493648,32049.999525
8,16,740472,740472,32049.999288
8,17,740472,740472,32049.999288
8,18,493648,493648,32049.999525
8,19,740472,740472,32049.999288
8,20,493648,493648,32049.999525
8,21,493648,493648,32049.999525
8,22,493648,493648,32049.999525
8,23,493648,493648,32049.999525
8,24,493648,493648,32049.999525
8,25,493648,493648,32049.999525
8,26,493648,493648,32049.999525
8,27,493648,493648,32049.999525
8,28,493648,493648,32049.999525
8,29,493648,493648,32049.999525
9,0,1974592,1974592,31966.664773
9,1,1234120,1234120,31966.665483
9,2,1234120,1234120,31966.665483
9,3,1480944,1480944,31966.665246
9,4,740472,740472,31966.665957
9,5,740472,740472,31966.665957
9,6,1234120,1234120,31966.665483
9,7,1234120,1234120,31966.665483
9,8,740472,740472,31966.665957
9,9,493648,493648,31966.666193
9,10,987296,987296,31966.665720
9,11,1234120,1234120,31966.665483
9,12,740472,740472,31966.665957
9,13,1480944,1480944,31966.665246
9,14,493648,493648,31966.666193
9,15,493648,493648,31966.666193
9,16,493648,493648,31966.666193
9,17,740472,740472,31966.665957
9,18,493648,493648,31966.666193
9,19,493648,493648,31966.666193
9,20,493648,493648,31966.666193
9,21,493648,493648,31966.666193
9,22,493648,493648,31966.666193
9,23,493648,493648,31966.666193
9,24,493648,493648,31966.666193
9,25,493648,493648,31966.666193
9,26,493648,493648,31966.666193
9,27,493648,493648,31966.666193
9,28,493648,493648,31966.666193
9,29,493648,493648,31966.666193
10,0,1727768,1727768,32049.998339
10,1,1480944,1480944,32049.998576
10,2,1234120,1234120,32049.998813
10,3,1727768,1727768,32049.998339
10,4,1480944,1480944,32049.998576
10,5,493648,493648,32049.999525
10,6,1480944,1480944,32049.998576
10,7,1480944,1480944,32049.998576
10,8,740472,740472,32049.999288
10,9,493648,493648,32049.999525
10,10,987296,987296,32049.999051
10,11,1234120,1234120,32049.998813
10,12,740472,740472,32049.999288
10,13,1727768,1727768,32049.998339
10,14,493648,493648,32049.999525
10,15,493648,493648,32049.999525
10,16,740472,740472,32049.999288
10,17,740472,740472,32049.999288
10,18,493648,493648,32049.999525
10,19,740472,740472,32049.999288
10,20,493648,493648,32049.999525
10,21,493648,493648,32049.999525
10,22,493648,493648,32049.999525
10,23,493648,493648,32049.999525
10,24,493648,493648,32049.999525
10,25,493648,493648,32049.999525
10,26,493648,493648,32049.999525
10,27,493648,493648,32049.999525
10,28,493648,493648,32049.999525
10,29,493648,493648,32049.999525
11,0,2221416,2221416,31966.664536
11,1,1727768,1727768,31966.665010
11,2,1234120,1234120,31966.665483
11,3,1974592,1974592,31966.664773
11,4,987296,987296,31966.665720
11,5,740472,740472,31966.665957
11,6,1234120,1234120,31966.665483
11,7,1480944,1480944,31966.665246
11,8,740472,740472,31966.665957
11,9,740472,740472,31966.665957
11,10,987296,987296,31966.665720
11,11,1234120,1234120,31966.665483
11,12,740472,740472,31966.665957
11,13,1480944,1480944,31966.665246
11,14,493648,493648,31966.666193
11,15,493648,493648,31966.666193
11,16,493648,493648,31966.666193
11,17,740472,740472,31966.665957
11,18,493648,493648,31966.666193
11,19,493648,493648,31966.666193
11,20,493648,493648,31966.666193
11,21,493648,493648,31966.666193
11,22,493648,493648,31966.666193
11,23,493648,493648,31966.666193
11,24,493648,493648,31966.666193
11,25,493648,493648,31966.666193
11,26,493648,493648,31966.666193
11,27,493648,493648,31966.666193
11,28,493648,493648,31966.666193
11,29,493648,493648,31966.666193
12,0,1974592,1974592,32049.998101
12,1,1480944,1480944,32049.998576
12,2,1480944,1480944,32049.998576
12,3,1727768,1727768,32049.998339
12,4,1480944,1480944,32049.998576
12,5,740472,740472,32049.999288
12,6,1234120,1234120,32049.998813
12,7,1480944,1480944,32049.998576
12,8,740472,740472,32049.999288
12,9,493648,493648,32049.999525
12,10,987296,987296,32049.999051
12,11,1234120,1234120,32049.998813
12,12,740472,740472,32049.999288
12,13,1727768,1727768,32049.998339
12,14,493648,493648,32049.999525
12,15,493648,493648,32049.999525
12,16,740472,740472,32049.999288
12,17,740472,740472,32049.999288
12,18,493648,493648,32049.999525
12,19,740472,740472,32049.999288
12,20,493648,493648,32049.999525
12,21,493648,493648,32049.999525
12,22,493648,493648,32049.999525
12,23,493648,493648,32049.999525
12,24,493648,493648,32049.999525
12,25,493648,493648,32049.999525
12,26,493648,493648,32049.999525
12,27,493648,493648,32049.999525
12,28,493648,493648,32049.999525
12,29,493648,493648,32049.999525
13,0,1974592,1974592,31966.664773
13,1,1234120,1234120,31966.665483
13,2,1234120,1234120,31966.665483
13,3,1727768,1727768,31966.665010
13,4,1234120,1234120,31966.665483
13,5,493648,493648,31966.666193
13,6,1480944,1480944,31966.665246
13,7,1234120,1234120,31966.665483
13,8,740472,740472,31966.665957
13,9,740472,740472,31966.665957
13,10,987296,987296,31966.665720
13,11,1234120,1234120,31966.665483
13,12,740472,740472,31966.665957
13,13,1480944,1480944,31966.665246
13,14,493648,493648,31966.666193
13,15,493648,493648,31966.666193
13,16,493648,493648,31966.666193
13,17,740472,740472,31966.665957
13,18,493648,493648,31966.666193
13,19,493648,493648,31966.666193
13,20,493648,493648,31966.666193
13,21,493648,493648,31966.666193
13,22,493648,493648,31966.666193
13,23,493648,493648,31966.666193
13,24,493648,493648,31966.666193
13,25,493648,493648,31966.666193
13,26,493648,493648,31966.666193
13,27,493648,493648,31966.666193
13,28,493648,493648,31966.666193
13,29,493648,493648,31966.666193
14,0,2221416,2221416,32049.997864
14,1,2221416,2221416,32049.997864
14,2,1480944,1480944,32049.998576
14,3,1727768,1727768,32049.998339
14,4,1727768,1727768,32049.998339
14,5,493648,493648,32049.999525
14,6,1480944,1480944,32049.998576
14,7,1480944,1480944,32049.998576
14,8,740472,740472,32049.999288
14,9,740472,740472,32049.999288
14,10,987296,987296,32049.999051
14,11,1234120,1234120,32049.998813
14,12,740472,740472,32049.999288
14,13,1727768,1727768,32049.998339
14,14,493648,493648,32049.999525
14,15,493648,493648,32049.999525
14,16,740472,740472,32049.999288
14,17,740472,740472,32049.999288
14,18,493648,493648,32049.999525
14,19,740472,740472,32049.999288
14,20,493648,493648,32049.999525
14,21,493648,493648,32049.999525
14,22,493648,493648,32049.999525
14,23,493648,493648,32049.999525
14,24,493648,493648,32049.999525
14,25,493648,493648,32049.999525
14,26,493648,493648,32049.999525
14,27,493648,493648,32049.999525
14,28,493648,493648,32049.999525
14,29,493648,493648,32049.999525
15,0,1974592,1974592,31966.664773
15,1,1480944,1480944,31966.665246
15,2,1234120,1234120,31966.665483
15,3,1727768,1727768,31966.665010
15,4,987296,987296,31966.665720
15,5,740472,740472,31966.665957
15,6,1234120,1234120,31966.665483
15,7,1480944,1480944,31966.665246
15,8,740472,740472,31966.665957
15,9,740472,740472,31966.665957
15,10,987296,987296,31966.665720
15,11,1234120,1234120,31966.665483
15,12,740472,740472,31966.665957
15,13,1727768,1727768,31966.665010
15,14,493648,493648,31966.666193
15,15,493648,493648,31966.666193
15,16,493648,493648,31966.666193
15,17,740472,740472,31966.665957
15,18,493648,493648,31966.666193
15,19,493648,493648,31966.666193
15,20,493648,493648,31966.666193
15,21,493648,493648,31966.666193
15,22,493648,493648,31966.666193
15,23,493648,493648,31966.666193
15,24,493648,493648,31966.666193
15,25,493648,493648,31966.666193
15,26,493648,493648,31966.666193
15,27,493648,493648,31966.666193
15,28,493648,493648,31966.666193
15,29,493648,493648,31966.666193
16,0,1727768,1727768,32049.998339
16,1,987296,987296,32049.999051
16,2,987296,987296,32049.999051
16,3,1727768,1727768,32049.998339
16,4,1234120,1234120,32049.998813
16,5,493648,493648,32049.999525
16,6,1234120,1234120,32049.998813
16,7,1234120,1234120,32049.998813
16,8,740472,740472,32049.999288
16,9,493648,493648,32049.999525
16,10,987296,987296,32049.999051
16,11,1234120,1234120,32049.998813
16,12,740472,740472,32049.999288
16,13,1727768,1727768,32049.998339
16,14,493648,493648,32049.999525
16,15,493648,493648,32049.999525
16,16,740472,740472,32049.999288
16,17,740472,740472,32049.999288
16,18,493648,493648,32049.999525
16,19,740472,740472,32049.999288
16,20,493648,493648,32049.999525
16,21,493648,493648,32049.999525
16,22,493648,493648,32049.999525
16,23,493648,493648,32049.999525
16,24,493648,493648,32049.999525
16,25,493648,493648,32049.999525
16,26,493648,493648,32049.999525
16,27,493648,493648,32049.999525
16,28,493648,493648,32049.999525
16,29,493648,493648,32049.999525
17,0,1480944,1480944,32049.998576
17,1,1480944,1480944,32049.998576
17,2,1234120,1234120,32049.998813
17,3,1480944,1480944,32049.998576
17,4,987296,987296,32049.999051
17,5,740472,740472,32049.999288
17,6,1480944,1480944,32049.998576
17,7,1480944,1480944,32049.998576
17,8,740472,740472,32049.999288
17,9,493648,493648,32049.999525
17,10,987296,987296,32049.999051
17,11,1234120,1234120,32049.998813
17,12,740472,740472,32049.999288
17,13,1480944,1480944,32049.998576
17,14,493648,493648,32049.999525
17,15,493648,493648,32049.999525
17,16,740472,740472,32049.999288
17,17,740472,740472,32049.999288
17,18,493648,493648,32049.999525
17,19,740472,740472,32049.999288
17,20,493648,493648,32049.999525
17,21,493648,493648,32049.999525
17,22,493648,493648,32049.999525
17,23,493648,493648,32049.999525
17,24,493648,493648,32049.999525
17,25,493648,493648,32049.999525
17,26,493648,493648,32049.999525
17,27,493648,493648,32049.999525
17,28,493648,493648,32049.999525
17,29,493648,493648,32049.999525
18,0,1727768,1727768,31966.665010
18,1,1480944,1480944,31966.665246
18,2,1480944,1480944,31966.665246
18,3,1974592,1974592,31966.664773
18,4,1234120,1234120,31966.665483
18,5,493648,493648,31966.666193
18,6,1480944,1480944,31966.665246
18,7,1234120,1234120,31966.665483
18,8,740472,740472,31966.665957
18,9,493648,493648,31966.666193
18,10,987296,987296,31966.665720
18,11,1234120,1234120,31966.665483
18,12,740472,740472,31966.665957
18,13,1727768,1727768,31966.665010
18,14,493648,493648,31966.666193
18,15,493648,493648,31966.666193
18,16,493648,493648,31966.666193
18,17,740472,740472,31966.665957
18,18,493648,493648,31966.666193
18,19,493648,493648,31966.666193
18,20,493648,493648,31966.666193
18,21,493648,493648,31966.666193
18,22,493648,493648,31966.666193
18,23,493648,493648,31966.666193
18,24,493648,493648,31966.666193
18,25,493648,493648,31966.666193
18,26,493648,493648,31966.666193
18,27,493648,493648,31966.666193
18,28,493648,493648,31966.666193
18,29,493648,493648,31966.666193
19,0,2221416,2221416,32049.997864
19,1,1234120,1234120,32049.998813
19,2,1234120,1234120,32049.998813
19,3,1727768,1727768,32049.998339
19,4,1480944,1480944,32049.998576
19,5,493648,493648,32049.999525
19,6,1480944,1480944,32049.998576
19,7,1480944,1480944,32049.998576
19,8,740472,740472,32049.999288
19,9,740472,740472,32049.999288
19,10,987296,987296,32049.999051
19,11,1234120,1234120,32049.998813
19,12,740472,740472,32049.999288
19,13,1727768,1727768,32049.998339
19,14,493648,493648,32049.999525
19,15,493648,493648,32049.999525
19,16,740472,740472,32049.999288
19,17,740472,740472,32049.999288
19,18,493648,493648,32049.999525
19,19,740472,740472,32049.999288
19,20,493648,493648,32049.999525
19,21,493648,493648,32049.999525
19,22,493648,493648,32049.999525
19,23,493648,493648,32049.999525
19,24,493648,493648,32049.999525
19,25,493648,493648,32049.999525
19,26,493648,493648,32049.999525
19,27,493648,493648,32049.999525
19,28,493648,493648,32049.999525
19,29,493648,493648,32049.999525
20,0,1727768,1727768,32049.998339
20,1,2221416,2221416,32049.997864
20,2,1234120,1234120,32049.998813
20,3,1480944,1480944,32049.998576
20,4,1234120,1234120,32049.998813
20,5,493648,493648,32049.999525
20,6,1480944,1480944,32049.998576
20,7,1234120,1234120,32049.998813
20,8,740472,740472,32049.999288
20,9,740472,740472,32049.999288
20,10,987296,987296,32049.999051
20,11,1234120,1234120,32049.998813
20,12,740472,740472,32049.999288
20,13,1480944,1480944,32049.998576
20,14,493648,493648,32049.999525
20,15,493648,493648,32049.999525
20,16,740472,740472,32049.999288
20,17,740472,740472,32049.999288
20,18,493648,493648,32049.999525
20,19,740472,740472,32049.999288
20,20,493648,493648,32049.999525
20,21,493648,493648,32049.999525
20,22,493648,493648,32049.999525
20,23,493648,493648,32049.999525
20,24,493648,493648,32049.999525
20,25,493648,493648,32049.999525
20,26,493648,493648,32049.999525
20,27,493648,493648,32049.999525
20,28,493648,493648,32049.999525
20,29,493648,493648,32049.999525
21,0,1480944,1480944,31966.665246
21,1,1480944,1480944,31966.665246
21,2,987296,987296,31966.665720
21,3,1480944,1480944,31966.665246
21,4,1480944,1480944,31966.665246
21,5,493648,493648,31966.666193
21,6,1234120,1234120,31966.665483
21,7,1480944,1480944,31966.665246
21,8,740472,740472,31966.665957
21,9,493648,493648,31966.666193
21,10,987296,987296,31966.665720
21,11,1234120,1234120,31966.665483
21,12,740472,740472,31966.665957
21,13,1727768,1727768,31966.665010
21,14,493648,493648,31966.666193
21,15,493648,493648,31966.666193
21,16,493648,493648,31966.666193
21,17,740472,740472,31966.665957
21,18,493648,493648,31966.666193
21,19,493648,493648,31966.666193
21,20,493648,493648,31966.666193
21,21,493648,493648,31966.666193
21,22,493648,493648,31966.666193
21,23,493648,493648,31966.666193
21,24,493648,493648,31966.666193
21,25,493648,493648,31966.666193
21,26,493648,493648,31966.666193
21,27,493648,493648,31966.666193
21,28,493648,493648,31966.666193
21,29,493648,493648,31966.666193
22,0,1974592,1974592,32049.998101
22,1,1974592,1974592,32049.998101
22,2,1480944,1480944,32049.998576
22,3,1727768,1727768,32049.998339
22,4,1234120,1234120,32049.998813
22,5,493648,493648,32049.999525
22,6,1480944,1480944,32049.998576
22,7,1234120,1234120,32049.998813
22,8,740472,740472,32049.999288
22,9,740472,740472,32049.999288
22,10,987296,987296,32049.999051
22,11,1234120,1234120,32049.998813
22,12,740472,740472,32049.999288
22,13,1480944,1480944,32049.998576
22,14,493648,493648,32049.999525
22,15,493648,493648,32049.999525
22,16,740472,740472,32049.999288
22,17,740472,740472,32049.999288
22,18,493648,493648,32049.999525
22,19,740472,740472,32049.999288
22,20,493648,493648,32049.999525
22,21,493648,493648,32049.999525
22,22,493648,493648,32049.999525
22,23,493648,493648,32049.999525
22,24,493648,493648,32049.999525
22,25,493648,493648,32049.999525
22,26,493648,493648,32049.999525
22,27,493648,493648,32049.999525
22,28,493648,493648,32049.999525
22,29,493648,493648,32049.999525
23,0,1974592,1974592,32049.998101
23,1,1480944,1480944,32049.998576
23,2,1480944,1480944,32049.998576
23,3,1727768,1727768,32049.998339
23,4,1234120,1234120,32049.998813
23,5,493648,493648,32049.999525
23,6,1480944,1480944,32049.998576
23,7,1480944,1480944,32049.998576
23,8,740472,740472,32049.999288
23,9,740472,740472,32049.999288
23,10,987296,987296,32049.999051
23,11,1234120,1234120,32049.998813
23,12,740472,740472,32049.999288
23,13,1727768,1727768,32049.998339
23,14,493648,493648,32049.999525
23,15,493648,493648,32049.999525
23,16,740472,740472,32049.999288
23,17,740472,740472,32049.999288
23,18,493648,493648,32049.999525
23,19,740472,740472,32049.999288
23,20,493648,493648,32049.999525
23,21,493648,493648,32049.999525
23,22,493648,493648,32049.999525
23,23,493648,493648,32049.999525
23,24,493648,493648,32049.999525
23,25,493648,493648,32049.999525
23,26,493648,493648,32049.999525
23,27,493648,493648,32049.999525
23,28,493648,493648,32049.999525
23,29,493648,493648,32049.999525
24,0,1480944,1480944,31966.665246
24,1,1727768,1727768,31966.665010
24,2,1234120,1234120,31966.665483
24,3,1727768,1727768,31966.665010
24,4,1234120,1234120,31966.665483
24,5,740472,740472,31966.665957
24,6,1480944,1480944,31966.665246
24,7,1234120,1234120,31966.665483
24,8,740472,740472,31966.665957
24,9,493648,493648,31966.666193
24,10,987296,987296,31966.665720
24,11,1234120,1234120,31966.665483
24,12,740472,740472,31966.665957
24,13,1480944,1480944,31966.665246
24,14,493648,493648,31966.666193
24,15,493648,493648,31966.666193
24,16,493648,493648,31966.666193
24,17,740472,740472,31966.665957
24,18,493648,493648,31966.666193
24,19,493648,493648,31966.666193
24,20,493648,493648,31966.666193
24,21,493648,493648,31966.666193
24,22,493648,493648,31966.666193
24,23,493648,493648,31966.666193
24,24,493648,493648,31966.666193
24,25,493648,493648,31966.666193
24,26,493648,493648,31966.666193
24,27,493648,493648,31966.666193
24,28,493648,493648,31966.666193
24,29,493648,493648,31966.666193
25,0,1974592,1974592,32049.998101
25,1,1234120,1234120,32049.998813
25,2,1480944,1480944,32049.998576
25,3,1727768,1727768,32049.998339
25,4,1480944,1480944,32049.998576
25,5,493648,493648,32049.999525
25,6,1480944,1480944,32049.998576
25,7,1480944,1480944,32049.998576
25,8,740472,740472,32049.999288
25,9,740472,740472,32049.999288
25,10,987296,987296,32049.999051
25,11,1234120,1234120,32049.998813
25,12,740472,740472,32049.999288
25,13,1727768,1727768,32049.998339
25,14,493648,493648,32049.999525
25,15,493648,493648,32049.999525
25,16,740472,740472,32049.999288
25,17,740472,740472,32049.999288
25,18,493648,493648,32049.999525
25,19,740472,740472,32049.999288
25,20,493648,493648,32049.999525
25,21,493648,493648,32049.999525
25,22,493648,493648,32049.999525
25,23,493648,493648,32049.999525
25,24,493648,493648,32049.999525
25,25,493648,493648,32049.999525
25,26,493648,493648,32049.999525
25,27,493648,493648,32049.999525
25,28,493648,493648,32049.999525
25,29,493648,493648,32049.999525
26,0,1974592,1974592,32049.998101
26,1,1480944,1480944,32049.998576
26,2,987296,987296,32049.999051
26,3,1727768,1727768,32049.998339
26,4,1234120,1234120,32049.998813
26,5,493648,493648,32049.999525
26,6,1480944,1480944,32049.998576
26,7,1480944,1480944,32049.998576
26,8,740472,740472,32049.999288
26,9,740472,740472,32049.999288
26,10,987296,987296,32049.999051
26,11,1234120,1234120,32049.998813
26,12,740472,740472,32049.999288
26,13,1727768,1727768,32049.998339
26,14,493648,493648,32049.999525
26,15,493648,493648,32049.999525
26,16,740472,740472,32049.999288
26,17,740472,740472,32049.999288
26,18,493648,493648,32049.999525
26,19,740472,740472,32049.999288
26,20,493648,493648,32049.999525
26,21,493648,493648,32049.999525
26,22,493648,493648,32049.999525
26,23,493648,493648,32049.999525
26,24,493648,493648,32049.999525
26,25,493648,493648,32049.999525
26,26,493648,493648,32049.999525
26,27,493648,493648,32049.999525
26,28,493648,493648,32049.999525
26,29,493648,493648,32049.999525
27,0,2221416,2221416,32049.997864
27,1,1234120,1234120,32049.998813
27,2,1234120,1234120,32049.998813
27,3,1727768,1727768,32049.998339
27,4,1234120,1234120,32049.998813
27,5,493648,493648,32049.999525
27,6,1480944,1480944,32049.998576
27,7,1480944,1480944,32049.998576
27,8,740472,740472,32049.999288
27,9,740472,740472,32049.999288
27,10,987296,987296,32049.999051
27,11,1234120,1234120,32049.998813
27,12,740472,740472,32049.999288
27,13,1480944,1480944,32049.998576
27,14,493648,493648,32049.999525
27,15,493648,493648,32049.999525
27,16,740472,740472,32049.999288
27,17,740472,740472,32049.999288
27,18,493648,493648,32049.999525
27,19,740472,740472,32049.999288
27,20,493648,493648,32049.999525
27,21,493648,493648,32049.999525
27,22,493648,493648,32049.999525
27,23,493648,493648,32049.999525
27,24,493648,493648,32049.999525
27,25,493648,493648,32049.999525
27,26,493648,493648,32049.999525
27,27,493648,493648,32049.999525
27,28,493648,493648,32049.999525
27,29,493648,493648,32049.999525
28,0,2221416,2221416,31966.664536
28,1,1480944,1480944,31966.665246
28,2,1234120,1234120,31966.665483
28,3,1480944,1480944,31966.665246
28,4,1234120,1234120,31966.665483
28,5,740472,740472,31966.665957
28,6,1234120,1234120,31966.665483
28,7,1480944,1480944,31966.665246
28,8,740472,740472,31966.665957
28,9,493648,493648,31966.666193
28,10,987296,987296,31966.665720
28,11,1234120,1234120,31966.665483
28,12,740472,740472,31966.665957
28,13,1727768,1727768,31966.665010
28,14,493648,493648,31966.666193
28,15,493648,493648,31966.666193
28,16,493648,493648,31966.666193
28,17,740472,740472,31966.665957
28,18,493648,493648,31966.666193
28,19,493648,493648,31966.666193
28,20,493648,493648,31966.666193
28,21,493648,493648,31966.666193
28,22,493648,493648,31966.666193
28,23,493648,493648,31966.666193
28,24,493648,493648,31966.666193
28,25,493648,493648,31966.666193
28,26,493648,493648,31966.666193
28,27,493648,493648,31966.666193
28,28,493648,493648,31966.666193
28,29,493648,493648,31966.666193
29,0,1974592,1974592,32049.998101
29,1,987296,987296,32049.999051
29,2,1234120,1234120,32049.998813
29,3,1727768,1727768,32049.998339
29,4,1480944,1480944,32049.998576
29,5,493648,493648,32049.999525
29,6,1480944,1480944,32049.998576
29,7,1480944,1480944,32049.998576
29,8,740472,740472,32049.999288
29,9,740472,740472,32049.999288
29,10,987296,987296,32049.999051
29,11,1234120,1234120,32049.998813
29,12,740472,740472,32049.999288
29,13,1727768,1727768,32049.998339
29,14,493648,493648,32049.999525
29,15,493648,493648,32049.999525
29,16,740472,740472,32049.999288
29,17,740472,740472,32049.999288
29,18,493648,493648,32049.999525
29,19,740472,740472,32049.999288
29,20,493648,493648,32049.999525
29,21,493648,493648,32049.999525
29,22,493648,493648,32049.999525
29,23,493648,493648,32049.999525
29,24,493648,493648,32049.999525
29,25,493648,493648,32049.999525
29,26,493648,493648,32049.999525
29,27,493648,493648,32049.999525
29,28,493648,493648,32049.999525
29,29,493648,493648,32049.999525
30,0,1727768,1727768,32049.998339
30,1,1974592,1974592,32049.998101
30,2,1234120,1234120,32049.998813
30,3,1727768,1727768,32049.998339
30,4,1727768,1727768,32049.998339
30,5,493648,493648,32049.999525
30,6,1480944,1480944,32049.998576
30,7,1480944,1480944,32049.998576
30,8,740472,740472,32049.999288
30,9,740472,740472,32049.999288
30,10,987296,987296,32049.999051
30,11,1234120,1234120,32049.998813
30,12,740472,740472,32049.999288
30,13,1727768,1727768,32049.998339
30,14,493648,493648,32049.999525
30,15,493648,493648,32049.999525
30,16,740472,740472,32049.999288
30,17,740472,740472,32049.999288
30,18,493648,493648,32049.999525
30,19,740472,740472,32049.999288
30,20,493648,493648,32049.999525
30,21,493648,493648,32049.999525
30,22,493648,493648,32049.999525
30,23,493648,493648,32049.999525
30,24,493648,493648,32049.999525
30,25,493648,493648,32049.999525
30,26,493648,493648,32049.999525
30,27,493648,493648,32049.999525
30,28,493648,493648,32049.999525
30,29,493648,493648,32049.999525
31,0,1727768,1727768,32049.998738
31,1,1974592,1974592,32049.998558
31,2,1234120,1234120,32049.999098
31,3,1480944,1480944,32049.998918
31,4,1234120,1234120,32049.999098
31,5,493648,493648,32049.999639
31,6,1234120,1234120,32049.999098
31,7,1480944,1480944,32049.998918
31,8,740472,740472,32049.999459
31,9,740472,740472,32049.999459
31,10,987296,987296,32049.999279
31,11,1234120,1234120,32049.999098
31,12,740472,740472,32049.999459
31,13,1727768,1727768,32049.998738
31,14,493648,493648,32049.999639
31,15,493648,493648,32049.999639
31,16,740472,740472,32049.999459
31,17,740472,740472,32049.999459
31,18,493648,493648,32049.999639
31,19,740472,740472,32049.999459
31,20,493648,493648,32049.999639
31,21,493648,493648,32049.999639
31,22,493648,493648,32049.999639
31,23,493648,493648,32049.999639
31,24,493648,493648,32049.999639
31,25,493648,493648,32049.999639
31,26,493648,493648,32049.999639
31,27,493648,493648,32049.999639
31,28,493648,493648,32049.999639
31,29,493648,493648,32049.999639
32,0,1974592,1974592,32049.998101
32,1,1480944,1480944,32049.998576
32,2,1480944,1480944,32049.998576
32,3,1480944,1480944,32049.998576
32,4,987296,987296,32049.999051
32,5,740472,740472,32049.999288
32,6,1480944,1480944,32049.998576
32,7,1480944,1480944,32049.998576
32,8,740472,740472,32049.999288
32,9,740472,740472,32049.999288
32,10,987296,987296,32049.999051
32,11,1234120,1234120,32049.998813
32,12,740472,740472,32049.999288
32,13,1480944,1480944,32049.998576
32,14,493648,493648,32049.999525
32,15,493648,493648,32049.999525
32,16,740472,740472,32049.999288
32,17,740472,740472,32049.999288
32,18,493648,493648,32049.999525
32,19,740472,740472,32049.999288
32,20,493648,493648,32049.999525
32,21,493648,493648,32049.999525
32,22,493648,493648,32049.999525
32,23,493648,493648,32049.999525
32,24,493648,493648,32049.999525
32,25,493648,493648,32049.999525
32,26,493648,493648,32049.999525
32,27,493648,493648,32049.999525
32,28,493648,493648,32049.999525
32,29,493648,493648,32049.999525
33,0,1974592,1974592,32049.998101
33,1,1234120,1234120,32049.998813
33,2,1234120,1234120,32049.998813
33,3,1727768,1727768,32049.998339
33,4,987296,987296,32049.999051
33,5,493648,493648,32049.999525
33,6,1480944,1480944,32049.998576
33,7,1234120,1234120,32049.998813
33,8,740472,740472,32049.999288
33,9,740472,740472,32049.999288
33,10,987296,987296,32049.999051
33,11,1234120,1234120,32049.998813
33,12,740472,740472,32049.999288
33,13,1727768,1727768,32049.998339
33,14,493648,493648,32049.999525
33,15,493648,493648,32049.999525
33,16,740472,740472,32049.999288
33,17,740472,740472,32049.999288
33,18,493648,493648,32049.999525
33,19,740472,740472,32049.999288
33,20,493648,493648,32049.999525
33,21,493648,493648,32049.999525
33,22,493648,493648,32049.999525
33,23,493648,493648,32049.999525
33,24,493648,493648,32049.999525
33,25,493648,493648,32049.999525
33,26,493648,493648,32049.999525
33,27,493648,493648,32049.999525
33,28,493648,493648,32049.999525
33,29,493648,493648,32049.999525
34,0,1974592,1974592,32049.998101
34,1,1727768,1727768,32049.998339
34,2,1480944,1480944,32049.998576
34,3,1727768,1727768,32049.998339
34,4,987296,987296,32049.999051
34,5,493648,493648,32049.999525
34,6,1480944,1480944,32049.998576
34,7,1480944,1480944,32049.998576
34,8,740472,740472,32049.999288
34,9,493648,493648,32049.999525
34,10,987296,987296,32049.999051
34,11,1234120,1234120,32049.998813
34,12,740472,740472,32049.999288
34,13,1480944,1480944,32049.998576
34,14,493648,493648,32049.999525
34,15,493648,493648,32049.999525
34,16,740472,740472,32049.999288
34,17,740472,740472,32049.999288
34,18,493648,493648,32049.999525
34,19,740472,740472,32049.999288
34,20,493648,493648,32049.999525
34,21,493648,493648,32049.999525
34,22,493648,493648,32049.999525
34,23,493648,493648,32049.999525
34,24,493648,493648,32049.999525
34,25,493648,493648,32049.999525
34,26,493648,493648,32049.999525
34,27,493648,493648,32049.999525
34,28,493648,493648,32049.999525
34,29,493648,493648,32049.999525
35,0,1974592,1974592,31966.664773
35,1,1234120,1234120,31966.665483
35,2,1234120,1234120,31966.665483
35,3,1727768,1727768,31966.665010
35,4,1727768,1727768,31966.665010
35,5,493648,493648,31966.666193
35,6,1480944,1480944,31966.665246
35,7,1480944,1480944,31966.665246
35,8,740472,740472,31966.665957
35,9,740472,740472,31966.665957
35,10,987296,987296,31966.665720
35,11,1234120,1234120,31966.665483
35,12,740472,740472,31966.665957
35,13,1727768,1727768,31966.665010
35,14,493648,493648,31966.666193
35,15,493648,493648,31966.666193
35,16,493648,493648,31966.666193
35,17,740472,740472,31966.665957
35,18,493648,493648,31966.666193
35,19,493648,493648,31966.666193
35,20,493648,493648,31966.666193
35,21,493648,493648,31966.666193
35,22,493648,493648,31966.666193
35,23,493648,493648,31966.666193
35,24,493648,493648,31966.666193
35,25,493648,493648,31966.666193
35,26,493648,493648,31966.666193
35,27,493648,493648,31966.666193
35,28,493648,493648,31966.666193
35,29,493648,493648,31966.666193
36,0,1480944,1480944,31966.665246
36,1,1480944,1480944,31966.665246
36,2,1234120,1234120,31966.665483
36,3,1480944,1480944,31966.665246
36,4,1234120,1234120,31966.665483
36,5,493648,493648,31966.666193
36,6,1480944,1480944,31966.665246
36,7,1234120,1234120,31966.665483
36,8,740472,740472,31966.665957
36,9,493648,493648,31966.666193
36,10,987296,987296,31966.665720
36,11,1234120,1234120,31966.665483
36,12,740472,740472,31966.665957
36,13,1727768,1727768,31966.665010
36,14,493648,493648,31966.666193
36,15,493648,493648,31966.666193
36,16,493648,493648,31966.666193
36,17,740472,740472,31966.665957
36,18,493648,493648,31966.666193
36,19,493648,493648,31966.666193
36,20,493648,493648,31966.666193
36,21,493648,493648,31966.666193
36,22,493648,493648,31966.666193
36,23,493648,493648,31966.666193
36,24,493648,493648,31966.666193
36,25,493648,493648,31966.666193
36,26,493648,493648,31966.666193
36,27,493648,493648,31966.666193
36,28,493648,493648,31966.666193
36,29,493648,493648,31966.666193
37,0,1974592,1974592,32049.998101
37,1,1727768,1727768,32049.998339
37,2,1480944,1480944,32049.998576
37,3,1480944,1480944,32049.998576
37,4,987296,987296,32049.999051
37,5,493648,493648,32049.999525
37,6,1480944,1480944,32049.998576
37,7,1480944,1480944,32049.998576
37,8,740472,740472,32049.999288
37,9,740472,740472,32049.999288
37,10,987296,987296,32049.999051
37,11,1234120,1234120,32049.998813
37,12,740472,740472,32049.999288
37,13,1480944,1480944,32049.998576
37,14,493648,493648,32049.999525
37,15,493648,493648,32049.999525
37,16,740472,740472,32049.999288
37,17,740472,740472,32049.999288
37,18,493648,493648,32049.999525
37,19,740472,740472,32049.999288
37,20,493648,493648,32049.999525
37,21,493648,493648,32049.999525
37,22,493648,493648,32049.999525
37,23,493648,493648,32049.999525
37,24,493648,493648,32049.999525
37,25,493648,493648,32049.999525
37,26,493648,493648,32049.999525
37,27,493648,493648,32049.999525
37,28,493648,493648,32049.999525
37,29,493648,493648,32049.999525
38,0,1974592,1974592,32049.998101
38,1,1234120,1234120,32049.998813
38,2,1480944,1480944,32049.998576
38,3,1480944,1480944,32049.998576
38,4,987296,987296,32049.999051
38,5,493648,493648,32049.999525
38,6,1480944,1480944,32049.998576
38,7,1480944,1480944,32049.998576
38,8,740472,740472,32049.999288
38,9,740472,740472,32049.999288
38,10,987296,987296,32049.999051
38,11,1234120,1234120,32049.998813
38,12,740472,740472,32049.999288
38,13,1480944,1480944,32049.998576
38,14,493648,493648,32049.999525
38,15,493648,493648,32049.999525
38,16,740472,740472,32049.999288
38,17,740472,740472,32049.999288
38,18,493648,493648,32049.999525
38,19,740472,740472,32049.999288
38,20,493648,493648,32049.999525
38,21,493648,493648,32049.999525
38,22,493648,493648,32049.999525
38,23,493648,493648,32049.999525
38,24,493648,493648,32049.999525
38,25,493648,493648,32049.999525
38,26,493648,493648,32049.999525
38,27,493648,493648,32049.999525
38,28,493648,493648,32049.999525
38,29,493648,493648,32049.999525
39,0,1974592,1974592,32049.998101
39,1,1480944,1480944,32049.998576
39,2,1480944,1480944,32049.998576
39,3,1727768,1727768,32049.998339
39,4,1480944,1480944,32049.998576
39,5,740472,740472,32049.999288
39,6,1480944,1480944,32049.998576
39,7,1480944,1480944,32049.998576
39,8,740472,740472,32049.999288
39,9,740472,740472,32049.999288
39,10,987296,987296,32049.999051
39,11,1234120,1234120,32049.998813
39,12,740472,740472,32049.999288
39,13,1727768,1727768,32049.998339
39,14,493648,493648,32049.999525
39,15,493648,493648,32049.999525
39,16,740472,740472,32049.999288
39,17,740472,740472,32049.999288
39,18,493648,493648,32049.999525
39,19,740472,740472,32049.999288
39,20,493648,493648,32049.999525
39,21,493648,493648,32049.999525
39,22,493648,493648,32049.999525
39,23,493648,493648,32049.999525
39,24,493648,493648,32049.999525
39,25,493648,493648,32049.999525
39,26,493648,493648,32049.999525
39,27,493648,493648,32049.999525
39,28,493648,493648,32049.999525
39,29,493648,493648,32049.999525
40,0,1727768,1727768,32049.998339
40,1,1480944,1480944,32049.998576
40,2,1234120,1234120,32049.998813
40,3,1727768,1727768,32049.998339
40,4,1234120,1234120,32049.998813
40,5,493648,493648,32049.999525
40,6,1480944,1480944,32049.998576
40,7,1234120,1234120,32049.998813
40,8,740472,740472,32049.999288
40,9,740472,740472,32049.999288
40,10,987296,987296,32049.999051
40,11,1234120,1234120,32049.998813
40,12,740472,740472,32049.999288
40,13,1480944,1480944,32049.998576
40,14,493648,493648,32049.999525
40,15,493648,493648,32049.999525
40,16,740472,740472,32049.999288
40,17,740472,740472,32049.999288
40,18,493648,493648,32049.999525
40,19,740472,740472,32049.999288
40,20,493648,493648,32049.999525
40,21,493648,493648,32049.999525
40,22,493648,493648,32049.999525
40,23,493648,493648,32049.999525
40,24,493648,493648,32049.999525
40,25,493648,493648,32049.999525
40,26,493648,493648,32049.999525
40,27,493648,493648,32049.999525
40,28,493648,493648,32049.999525
40,29,493648,493648,32049.999525
41,0,1974592,1974592,31966.664773
41,1,1480944,1480944,31966.665246
41,2,1234120,1234120,31966.665483
41,3,1974592,1974592,31966.664773
41,4,1234120,1234120,31966.665483
41,5,740472,740472,31966.665957
41,6,1480944,1480944,31966.665246
41,7,1480944,1480944,31966.665246
41,8,740472,740472,31966.665957
41,9,740472,740472,31966.665957
41,10,987296,987296,31966.665720
41,11,1234120,1234120,31966.665483
41,12,740472,740472,31966.665957
41,13,1480944,1480944,31966.665246
41,14,493648,493648,31966.666193
41,15,493648,493648,31966.666193
41,16,493648,493648,31966.666193
41,17,740472,740472,31966.665957
41,18,493648,493648,31966.666193
41,19,493648,493648,31966.666193
41,20,493648,493648,31966.666193
41,21,493648,493648,31966.666193
41,22,493648,493648,31966.666193
41,23,493648,493648,31966.666193
41,24,493648,493648,31966.666193
41,25,493648,493648,31966.666193
41,26,493648,493648,31966.666193
41,27,493648,493648,31966.666193
41,28,493648,493648,31966.666193
41,29,493648,493648,31966.666193
42,0,2221416,2221416,32049.997864
42,1,1234120,1234120,32049.998813
42,2,1234120,1234120,32049.998813
42,3,1727768,1727768,32049.998339
42,4,1480944,1480944,32049.998576
42,5,493648,493648,32049.999525
42,6,1480944,1480944,32049.998576
42,7,1480944,1480944,32049.998576
42,8,740472,740472,32049.999288
42,9,740472,740472,32049.999288
42,10,987296,987296,32049.999051
42,11,1234120,1234120,32049.998813
42,12,740472,740472,32049.999288
42,13,1727768,1727768,32049.998339
42,14,493648,493648,32049.999525
42,15,493648,493648,32049.999525
42,16,740472,740472,32049.999288
42,17,740472,740472,32049.999288
42,18,493648,493648,32049.999525
42,19,740472,740472,32049.999288
42,20,493648,493648,32049.999525
42,21,493648,493648,32049.999525
42,22,493648,493648,32049.999525
42,23,493648,493648,32049.999525
42,24,493648,493648,32049.999525
42,25,493648,493648,32049.999525
42,26,493648,493648,32049.999525
42,27,493648,493648,32049.999525
42,28,493648,493648,32049.999525
42,29,493648,493648,32049.999525
43,0,2221416,2221416,32049.997864
43,1,1727768,1727768,32049.998339
43,2,1234120,1234120,32049.998813
43,3,1727768,1727768,32049.998339
43,4,1234120,1234120,32049.998813
43,5,493648,493648,32049.999525
43,6,1480944,1480944,32049.998576
43,7,1480944,1480944,32049.998576
43,8,740472,740472,32049.999288
43,9,740472,740472,32049.999288
43,10,987296,987296,32049.999051
43,11,1234120,1234120,32049.998813
43,12,740472,740472,32049.999288
43,13,1480944,1480944,32049.998576
43,14,493648,493648,32049.999525
43,15,493648,493648,32049.999525
43,16,740472,740472,32049.999288
43,17,740472,740472,32049.999288
43,18,493648,493648,32049.999525
43,19,740472,740472,32049.999288
43,20,493648,493648,32049.999525
43,21,493648,493648,32049.999525
43,22,493648,493648,32049.999525
43,23,493648,493648,32049.999525
43,24,493648,493648,32049.999525
43,25,493648,493648,32049.999525
43,26,493648,493648,32049.999525
43,27,493648,493648,32049.999525
43,28,493648,493648,32049.999525
43,29,493648,493648,32049.999525
44,0,1974592,1974592,32049.998101
44,1,1234120,1234120,32049.998813
44,2,1234120,1234120,32049.998813
44,3,1480944,1480944,32049.998576
44,4,1234120,1234120,32049.998813
44,5,493648,493648,32049.999525
44,6,1480944,1480944,32049.998576
44,7,1234120,1234120,32049.998813
44,8,740472,740472,32049.999288
44,9,740472,740472,32049.999288
44,10,987296,987296,32049.999051
44,11,1234120,1234120,32049.998813
44,12,740472,740472,32049.999288
44,13,1727768,1727768,32049.998339
44,14,493648,493648,32049.999525
44,15,493648,493648,32049.999525
44,16,740472,740472,32049.999288
44,17,740472,740472,32049.999288
44,18,493648,493648,32049.999525
44,19,740472,740472,32049.999288
44,20,493648,493648,32049.999525
44,21,493648,493648,32049.999525
44,22,493648,493648,32049.999525
44,23,493648,493648,32049.999525
44,24,493648,493648,32049.999525
44,25,493648,493648,32049.999525
44,26,493648,493648,32049.999525
44,27,493648,493648,32049.999525
44,28,493648,493648,32049.999525
44,29,493648,493648,32049.999525
45,0,1974592,1974592,32049.998101
45,1,1480944,1480944,32049.998576
45,2,987296,987296,32049.999051
45,3,1727768,1727768,32049.998339
45,4,1234120,1234120,32049.998813
45,5,493648,493648,32049.999525
45,6,1480944,1480944,32049.998576
45,7,1480944,1480944,32049.998576
45,8,740472,740472,32049.999288
45,9,740472,740472,32049.999288
45,10,987296,987296,32049.999051
45,11,1234120,1234120,32049.998813
45,12,740472,740472,32049.999288
45,13,1727768,1727768,32049.998339
45,14,493648,493648,32049.999525
45,15,493648,493648,32049.999525
45,16,740472,740472,32049.999288
45,17,740472,740472,32049.999288
45,18,493648,493648,32049.999525
45,19,740472,740472,32049.999288
45,20,493648,493648,32049.999525
45,21,493648,493648,32049.999525
45,22,493648,493648,32049.999525
45,23,493648,493648,32049.999525
45,24,493648,493648,32049.999525
45,25,493648,493648,32049.999525
45,26,493648,493648,32049.999525
45,27,493648,493648,32049.999525
45,28,493648,493648,32049.999525
45,29,493648,493648,32049.999525
46,0,2221416,2221416,32049.997864
46,1,1727768,1727768,32049.998339
46,2,1480944,1480944,32049.998576
46,3,1727768,1727768,32049.998339
46,4,740472,740472,32049.999288
46,5,493648,493648,32049.999525
46,6,1480944,1480944,32049.998576
46,7,1234120,1234120,32049.998813
46,8,740472,740472,32049.999288
46,9,740472,740472,32049.999288
46,10,987296,987296,32049.999051
46,11,1234120,1234120,32049.998813
46,12,740472,740472,32049.999288
46,13,1480944,1480944,32049.998576
46,14,493648,493648,32049.999525
46,15,493648,493648,32049.999525
46,16,740472,740472,32049.999288
46,17,740472,740472,32049.999288
46,18,493648,493648,32049.999525
46,19,740472,740472,32049.999288
46,20,493648,493648,32049.999525
46,21,493648,493648,32049.999525
46,22,493648,493648,32049.999525
46,23,493648,493648,32049.999525
46,24,493648,493648,32049.999525
46,25,493648,493648,32049.999525
46,26,493648,493648,32049.999525
46,27,493648,493648,32049.999525
46,28,493648,493648,32049.999525
46,29,493648,493648,32049.999525
47,0,1974592,1974592,32049.998101
47,1,1974592,1974592,32049.998101
47,2,1234120,1234120,32049.998813
47,3,1480944,1480944,32049.998576
47,4,1480944,1480944,32049.998576
47,5,740472,740472,32049.999288
47,6,1480944,1480944,32049.998576
47,7,1480944,1480944,32049.998576
47,8,740472,740472,32049.999288
47,9,740472,740472,32049.999288
47,10,987296,987296,32049.999051
47,11,1234120,1234120,32049.998813
47,12,740472,740472,32049.999288
47,13,1727768,1727768,32049.998339
47,14,493648,493648,32049.999525
47,15,493648,493648,32049.999525
47,16,740472,740472,32049.999288
47,17,740472,740472,32049.999288
47,18,493648,493648,32049.999525
47,19,740472,740472,32049.999288
47,20,493648,493648,32049.999525
47,21,493648,493648,32049.999525
47,22,493648,493648,32049.999525
47,23,493648,493648,32049.999525
47,24,493648,493648,32049.999525
47,25,493648,493648,32049.999525
47,26,493648,493648,32049.999525
47,27,493648,493648,32049.999525
47,28,493648,493648,32049.999525
47,29,493648,493648,32049.999525
48,0,1480944,1480944,31966.665246
48,1,1480944,1480944,31966.665246
48,2,987296,987296,31966.665720
48,3,1974592,1974592,31966.664773
48,4,1234120,1234120,31966.665483
48,5,740472,740472,31966.665957
48,6,1480944,1480944,31966.665246
48,7,1234120,1234120,31966.665483
48,8,740472,740472,31966.665957
48,9,493648,493648,31966.666193
48,10,987296,987296,31966.665720
48,11,1234120,1234120,31966.665483
48,12,740472,740472,31966.665957
48,13,1727768,1727768,31966.665010
48,14,493648,493648,31966.666193
48,15,493648,493648,31966.666193
48,16,493648,493648,31966.666193
48,17,740472,740472,31966.665957
48,18,493648,493648,31966.666193
48,19,493648,493648,31966.666193
48,20,493648,493648,31966.666193
48,21,493648,493648,31966.666193
48,22,493648,493648,31966.666193
48,23,493648,493648,31966.666193
48,24,493648,493648,31966.666193
48,25,493648,493648,31966.666193
48,26,493648,493648,31966.666193
48,27,493648,493648,31966.666193
48,28,493648,493648,31966.666193
48,29,493648,493648,31966.666193
49,0,1974592,1974592,31966.664773
49,1,1480944,1480944,31966.665246
49,2,1480944,1480944,31966.665246
49,3,1480944,1480944,31966.665246
49,4,740472,740472,31966.665957
49,5,493648,493648,31966.666193
49,6,1480944,1480944,31966.665246
49,7,1234120,1234120,31966.665483
49,8,740472,740472,31966.665957
49,9,493648,493648,31966.666193
49,10,987296,987296,31966.665720
49,11,1234120,1234120,31966.665483
49,12,740472,740472,31966.665957
49,13,1480944,1480944,31966.665246
49,14,493648,493648,31966.666193
49,15,493648,493648,31966.666193
49,16,493648,493648,31966.666193
49,17,740472,740472,31966.665957
49,18,493648,493648,31966.666193
49,19,493648,493648,31966.666193
49,20,493648,493648,31966.666193
49,21,493648,493648,31966.666193
49,22,493648,493648,31966.666193
49,23,493648,493648,31966.666193
49,24,493648,493648,31966.666193
49,25,493648,493648,31966.666193
49,26,493648,493648,31966.666193
49,27,493648,493648,31966.666193
49,28,493648,493648,31966.666193
49,29,493648,493648,31966.666193
50,0,1480944,1480944,31966.665246
50,1,1480944,1480944,31966.665246
50,2,1234120,1234120,31966.665483
50,3,1480944,1480944,31966.665246
50,4,987296,987296,31966.665720
50,5,740472,740472,31966.665957
50,6,1234120,1234120,31966.665483
50,7,1480944,1480944,31966.665246
50,8,740472,740472,31966.665957
50,9,740472,740472,31966.665957
50,10,987296,987296,31966.665720
50,11,1234120,1234120,31966.665483
50,12,740472,740472,31966.665957
50,13,1480944,1480944,31966.665246
50,14,493648,493648,31966.666193
50,15,493648,493648,31966.666193
50,16,493648,493648,31966.666193
50,17,740472,740472,31966.665957
50,18,493648,493648,31966.666193
50,19,493648,493648,31966.666193
50,20,493648,493648,31966.666193
50,21,493648,493648,31966.666193
50,22,493648,493648,31966.666193
50,23,493648,493648,31966.666193
50,24,493648,493648,31966.666193
50,25,493648,493648,31966.666193
50,26,493648,493648,31966.666193
50,27,493648,493648,31966.666193
50,28,493648,493648,31966.666193
50,29,493648,493648,31966.666193
51,0,1974592,1974592,31966.664773
51,1,1974592,1974592,31966.664773
51,2,1480944,1480944,31966.665246
51,3,1480944,1480944,31966.665246
51,4,740472,740472,31966.665957
51,5,493648,493648,31966.666193
51,6,1234120,1234120,31966.665483
51,7,1234120,1234120,31966.665483
51,8,740472,740472,31966.665957
51,9,740472,740472,31966.665957
51,10,987296,987296,31966.665720
51,11,1234120,1234120,31966.665483
51,12,740472,740472,31966.665957
51,13,1480944,1480944,31966.665246
51,14,493648,493648,31966.666193
51,15,493648,493648,31966.666193
51,16,493648,493648,31966.666193
51,17,740472,740472,31966.665957
51,18,493648,493648,31966.666193
51,19,493648,493648,31966.666193
51,20,493648,493648,31966.666193
51,21,493648,493648,31966.666193
51,22,493648,493648,31966.666193
51,23,493648,493648,31966.666193
51,24,493648,493648,31966.666193
51,25,493648,493648,31966.666193
51,26,493648,493648,31966.666193
51,27,493648,493648,31966.666193
51,28,493648,493648,31966.666193
51,29,493648,493648,31966.666193
52,0,1234120,1234120,31966.665483
52,1,1727768,1727768,31966.665010
52,2,1234120,1234120,31966.665483
52,3,1480944,1480944,31966.665246
52,4,740472,740472,31966.665957
52,5,740472,740472,31966.665957
52,6,1234120,1234120,31966.665483
52,7,1234120,1234120,31966.665483
52,8,740472,740472,31966.665957
52,9,493648,493648,31966.666193
52,10,987296,987296,31966.665720
52,11,1234120,1234120,31966.665483
52,12,740472,740472,31966.665957
52,13,1727768,1727768,31966.665010
52,14,493648,493648,31966.666193
52,15,493648,493648,31966.666193
52,16,493648,493648,31966.666193
52,17,740472,740472,31966.665957
52,18,493648,493648,31966.666193
52,19,493648,493648,31966.666193
52,20,493648,493648,31966.666193
52,21,493648,493648,31966.666193
52,22,493648,493648,31966.666193
52,23,493648,493648,31966.666193
52,24,493648,493648,31966.666193
52,25,493648,493648,31966.666193
52,26,493648,493648,31966.666193
52,27,493648,493648,31966.666193
52,28,493648,493648,31966.666193
52,29,493648,493648,31966.666193
53,0,1234120,1234120,31966.665483
53,1,1727768,1727768,31966.665010
53,2,1234120,1234120,31966.665483
53,3,1480944,1480944,31966.665246
53,4,987296,987296,31966.665720
53,5,740472,740472,31966.665957
53,6,1480944,1480944,31966.665246
53,7,1234120,1234120,31966.665483
53,8,740472,740472,31966.665957
53,9,493648,493648,31966.666193
53,10,987296,987296,31966.665720
53,11,1234120,1234120,31966.665483
53,12,740472,740472,31966.665957
53,13,1727768,1727768,31966.665010
53,14,493648,493648,31966.666193
53,15,493648,493648,31966.666193
53,16,493648,493648,31966.666193
53,17,740472,740472,31966.665957
53,18,493648,493648,31966.666193
53,19,493648,493648,31966.666193
53,20,493648,493648,31966.666193
53,21,493648,493648,31966.666193
53,22,493648,493648,31966.666193
53,23,493648,493648,31966.666193
53,24,493648,493648,31966.666193
53,25,493648,493648,31966.666193
53,26,493648,493648,31966.666193
53,27,493648,493648,31966.666193
53,28,493648,493648,31966.666193
53,29,493648,493648,31966.666193
54,0,1727768,1727768,31966.665010
54,1,1727768,1727768,31966.665010
54,2,1480944,1480944,31966.665246
54,3,1480944,1480944,31966.665246
54,4,740472,740472,31966.665957
54,5,740472,740472,31966.665957
54,6,1234120,1234120,31966.665483
54,7,1234120,1234120,31966.665483
54,8,740472,740472,31966.665957
54,9,740472,740472,31966.665957
54,10,987296,987296,31966.665720
54,11,1234120,1234120,31966.665483
54,12,740472,740472,31966.665957
54,13,1727768,1727768,31966.665010
54,14,493648,493648,31966.666193
54,15,493648,493648,31966.666193
54,16,493648,493648,31966.666193
54,17,740472,740472,31966.665957
54,18,493648,493648,31966.666193
54,19,493648,493648,31966.666193
54,20,493648,493648,31966.666193
54,21,493648,493648,31966.666193
54,22,493648,493648,31966.666193
54,23,493648,493648,31966.666193
54,24,493648,493648,31966.666193
54,25,493648,493648,31966.666193
54,26,493648,493648,31966.666193
54,27,493648,493648,31966.666193
54,28,493648,493648,31966.666193
54,29,493648,493648,31966.666193
55,0,1480944,1480944,31966.665246
55,1,1974592,1974592,31966.664773
55,2,1480944,1480944,31966.665246
55,3,1480944,1480944,31966.665246
55,4,987296,987296,31966.665720
55,5,740472,740472,31966.665957
55,6,1234120,1234120,31966.665483
55,7,1234120,1234120,31966.665483
55,8,740472,740472,31966.665957
55,9,493648,493648,31966.666193
55,10,987296,987296,31966.665720
55,11,1234120,1234120,31966.665483
55,12,740472,740472,31966.665957
55,13,1727768,1727768,31966.665010
55,14,493648,493648,31966.666193
55,15,493648,493648,31966.666193
55,16,493648,493648,31966.666193
55,17,740472,740472,31966.665957
55,18,493648,493648,31966.666193
55,19,493648,493648,31966.666193
55,20,493648,493648,31966.666193
55,21,493648,493648,31966.666193
55,22,493648,493648,31966.666193
55,23,493648,493648,31966.666193
55,24,493648,493648,31966.666193
55,25,493648,493648,31966.666193
55,26,493648,493648,31966.666193
55,27,493648,493648,31966.666193
55,28,493648,493648,31966.666193
55,29,493648,493648,31966.666193
56,0,1727768,1727768,31966.665010
56,1,1480944,1480944,31966.665246
56,2,1234120,1234120,31966.665483
56,3,1727768,1727768,31966.665010
56,4,987296,987296,31966.665720
56,5,740472,740472,31966.665957
56,6,1234120,1234120,31966.665483
56,7,1480944,1480944,31966.665246
56,8,740472,740472,31966.665957
56,9,493648,493648,31966.666193
56,10,987296,987296,31966.665720
56,11,1234120,1234120,31966.665483
56,12,740472,740472,31966.665957
56,13,1727768,1727768,31966.665010
56,14,493648,493648,31966.666193
56,15,493648,493648,31966.666193
56,16,493648,493648,31966.666193
56,17,740472,740472,31966.665957
56,18,493648,493648,31966.666193
56,19,493648,493648,31966.666193
56,20,493648,493648,31966.666193
56,21,493648,493648,31966.666193
56,22,493648,493648,31966.666193
56,23,493648,493648,31966.666193
56,24,493648,493648,31966.666193
56,25,493648,493648,31966.666193
56,26,493648,493648,31966.666193
56,27,493648,493648,31966.666193
56,28,493648,493648,31966.666193
56,29,493648,493648,31966.666193
57,0,1727768,1727768,31966.665010
57,1,1480944,1480944,31966.665246
57,2,1234120,1234120,31966.665483
57,3,1974592,1974592,31966.664773
57,4,1234120,1234120,31966.665483
57,5,740472,740472,31966.665957
57,6,1234120,1234120,31966.665483
57,7,1480944,1480944,31966.665246
57,8,740472,740472,31966.665957
57,9,493648,493648,31966.666193
57,10,987296,987296,31966.665720
57,11,1234120,1234120,31966.665483
57,12,740472,740472,31966.665957
57,13,1727768,1727768,31966.665010
57,14,493648,493648,31966.666193
57,15,493648,493648,31966.666193
57,16,493648,493648,31966.666193
57,17,740472,740472,31966.665957
57,18,493648,493648,31966.666193
57,19,493648,493648,31966.666193
57,20,493648,493648,31966.666193
57,21,493648,493648,31966.666193
57,22,493648,493648,31966.666193
57,23,493648,493648,31966.666193
57,24,493648,493648,31966.666193
57,25,493648,493648,31966.666193
57,26,493648,493648,31966.666193
57,27,493648,493648,31966.666193
57,28,493648,493648,31966.666193
57,29,493648,493648,31966.666193
58,0,1234120,1234120,31966.665483
58,1,1480944,1480944,31966.665246
58,2,987296,987296,31966.665720
58,3,1727768,1727768,31966.665010
58,4,987296,987296,31966.665720
58,5,740472,740472,31966.665957
58,6,1234120,1234120,31966.665483
58,7,1480944,1480944,31966.665246
58,8,740472,740472,31966.665957
58,9,493648,493648,31966.666193
58,10,987296,987296,31966.665720
58,11,1234120,1234120,31966.665483
58,12,740472,740472,31966.665957
58,13,1480944,1480944,31966.665246
58,14,493648,493648,31966.666193
58,15,493648,493648,31966.666193
58,16,493648,493648,31966.666193
58,17,740472,740472,31966.665957
58,18,493648,493648,31966.666193
58,19,493648,493648,31966.666193
58,20,493648,493648,31966.666193
58,21,493648,493648,31966.666193
58,22,493648,493648,31966.666193
58,23,493648,493648,31966.666193
58,24,493648,493648,31966.666193
58,25,493648,493648,31966.666193
58,26,493648,493648,31966.666193
58,27,493648,493648,31966.666193
58,28,493648,493648,31966.666193
58,29,493648,493648,31966.666193
59,0,1234120,1234120,31966.665483
59,1,1480944,1480944,31966.665246
59,2,1234120,1234120,31966.665483
59,3,1480944,1480944,31966.665246
59,4,987296,987296,31966.665720
59,5,740472,740472,31966.665957
59,6,1234120,1234120,31966.665483
59,7,1480944,1480944,31966.665246
59,8,740472,740472,31966.665957
59,9,493648,493648,31966.666193
59,10,987296,987296,31966.665720
59,11,1234120,1234120,31966.665483
59,12,740472,740472,31966.665957
59,13,1480944,1480944,31966.665246
59,14,493648,493648,31966.666193
59,15,493648,493648,31966.666193
59,16,493648,493648,31966.666193
59,17,740472,740472,31966.665957
59,18,493648,493648,31966.666193
59,19,493648,493648,31966.666193
59,20,493648,493648,31966.666193
59,21,493648,493648,31966.666193
59,22,493648,493648,31966.666193
59,23,493648,493648,31966.666193
59,24,493648,493648,31966.666193
59,25,493648,493648,31966.666193
59,26,493648,493648,31966.666193
59,27,493648,493648,31966.666193
59,28,493648,493648,31966.666193
59,29,493648,493648,31966.666193
60,0,1480944,1480944,31966.665246
60,1,1727768,1727768,31966.665010
60,2,1234120,1234120,31966.665483
60,3,1974592,1974592,31966.664773
60,4,1234120,1234120,31966.665483
60,5,740472,740472,31966.665957
60,6,1234120,1234120,31966.665483
60,7,1480944,1480944,31966.665246
60,8,740472,740472,31966.665957
60,9,740472,740472,31966.665957
60,10,987296,987296,31966.665720
60,11,1234120,1234120,31966.665483
60,12,740472,740472,31966.665957
60,13,1480944,1480944,31966.665246
60,14,493648,493648,31966.666193
60,15,493648,493648,31966.666193
60,16,493648,493648,31966.666193
60,17,740472,740472,31966.665957
60,18,493648,493648,31966.666193
60,19,493648,493648,31966.666193
60,20,493648,493648,31966.666193
60,21,493648,493648,31966.666193
60,22,493648,493648,31966.666193
60,23,493648,493648,31966.666193
60,24,493648,493648,31966.666193
60,25,493648,493648,31966.666193
60,26,493648,493648,31966.666193
60,27,493648,493648,31966.666193
60,28,493648,493648,31966.666193
60,29,493648,493648,31966.666193
61,0,1234120,1234120,31966.665483
61,1,1974592,1974592,31966.664773
61,2,1234120,1234120,31966.665483
61,3,1480944,1480944,31966.665246
61,4,1234120,1234120,31966.665483
61,5,740472,740472,31966.665957
61,6,1234120,1234120,31966.665483
61,7,1480944,1480944,31966.665246
61,8,740472,740472,31966.665957
61,9,740472,740472,31966.665957
61,10,987296,987296,31966.665720
61,11,1234120,1234120,31966.665483
61,12,740472,740472,31966.665957
61,13,1480944,1480944,31966.665246
61,14,493648,493648,31966.666193
61,15,493648,493648,31966.666193
61,16,493648,493648,31966.666193
61,17,740472,740472,31966.665957
61,18,493648,493648,31966.666193
61,19,493648,493648,31966.666193
61,20,493648,493648,31966.666193
61,21,493648,493648,31966.666193
61,22,493648,493648,31966.666193
61,23,493648,493648,31966.666193
61,24,493648,493648,31966.666193
61,25,493648,493648,31966.666193
61,26,493648,493648,31966.666193
61,27,493648,493648,31966.666193
61,28,493648,493648,31966.666193
61,29,493648,493648,31966.666193
62,0,1480944,1480944,31966.665938
62,1,1974592,1974592,31966.665695
62,2,1480944,1480944,31966.665938
62,3,1480944,1480944,31966.665938
62,4,1234120,1234120,31966.666059
62,5,740472,740472,31966.666302
62,6,1234120,1234120,31966.666059
62,7,1480944,1480944,31966.665938
62,8,740472,740472,31966.666302
62,9,740472,740472,31966.666302
62,10,987296,987296,31966.666181
62,11,1234120,1234120,31966.666059
62,12,740472,740472,31966.666302
62,13,1480944,1480944,31966.665938
62,14,493648,493648,31966.666424
62,15,493648,493648,31966.666424
62,16,493648,493648,31966.666424
62,17,740472,740472,31966.666302
62,18,493648,493648,31966.666424
62,19,493648,493648,31966.666424
62,20,493648,493648,31966.666424
62,21,493648,493648,31966.666424
62,22,493648,493648,31966.666424
62,23,493648,493648,31966.666424
62,24,493648,493648,31966.666424
62,25,493648,493648,31966.666424
62,26,493648,493648,31966.666424
62,27,493648,493648,31966.666424
62,28,493648,493648,31966.666424
62,29,493648,493648,31966.666424
63,0,1480944,1480944,31966.665246
63,1,1480944,1480944,31966.665246
63,2,1234120,1234120,31966.665483
63,3,1480944,1480944,31966.665246
63,4,1234120,1234120,31966.665483
63,5,740472,740472,31966.665957
63,6,1480944,1480944,31966.665246
63,7,1480944,1480944,31966.665246
63,8,740472,740472,31966.665957
63,9,493648,493648,31966.666193
63,10,987296,987296,31966.665720
63,11,1234120,1234120,31966.665483
63,12,740472,740472,31966.665957
63,13,1727768,1727768,31966.665010
63,14,493648,493648,31966.666193
63,15,493648,493648,31966.666193
63,16,493648,493648,31966.666193
63,17,740472,740472,31966.665957
63,18,493648,493648,31966.666193
63,19,493648,493648,31966.666193
63,20,493648,493648,31966.666193
63,21,493648,493648,31966.666193
63,22,493648,493648,31966.666193
63,23,493648,493648,31966.666193
63,24,493648,493648,31966.666193
63,25,493648,493648,31966.666193
63,26,493648,493648,31966.666193
63,27,493648,493648,31966.666193
63,28,493648,493648,31966.666193
63,29,493648,493648,31966.666193
64,0,1480944,1480944,31966.665246
64,1,1974592,1974592,31966.664773
64,2,1480944,1480944,31966.665246
64,3,1480944,1480944,31966.665246
64,4,1234120,1234120,31966.665483
64,5,740472,740472,31966.665957
64,6,1234120,1234120,31966.665483
64,7,1480944,1480944,31966.665246
64,8,740472,740472,31966.665957
64,9,493648,493648,31966.666193
64,10,987296,987296,31966.665720
64,11,1234120,1234120,31966.665483
64,12,740472,740472,31966.665957
64,13,1727768,1727768,31966.665010
64,14,493648,493648,31966.666193
64,15,493648,493648,31966.666193
64,16,493648,493648,31966.666193
64,17,740472,740472,31966.665957
64,18,493648,493648,31966.666193
64,19,493648,493648,31966.666193
64,20,493648,493648,31966.666193
64,21,493648,493648,31966.666193
64,22,493648,493648,31966.666193
64,23,493648,493648,31966.666193
64,24,493648,493648,31966.666193
64,25,493648,493648,31966.666193
64,26,493648,493648,31966.666193
64,27,493648,493648,31966.666193
64,28,493648,493648,31966.666193
64,29,493648,493648,31966.666193
65,0,1480944,1480944,31966.665246
65,1,1974592,1974592,31966.664773
65,2,1480944,1480944,31966.665246
65,3,1480944,1480944,31966.665246
65,4,1234120,1234120,31966.665483
65,5,740472,740472,31966.665957
65,6,1234120,1234120,31966.665483
65,7,1480944,1480944,31966.665246
65,8,740472,740472,31966.665957
65,9,493648,493648,31966.666193
65,10,987296,987296,31966.665720
65,11,1234120,1234120,31966.665483
65,12,740472,740472,31966.665957
65,13,1727768,1727768,31966.665010
65,14,493648,493648,31966.666193
65,15,493648,493648,31966.666193
65,16,493648,493648,31966.666193
65,17,740472,740472,31966.665957
65,18,493648,493648,31966.666193
65,19,493648,493648,31966.666193
65,20,493648,493648,31966.666193
65,21,493648,493648,31966.666193
65,22,493648,493648,31966.666193
65,23,493648,493648,31966.666193
65,24,493648,493648,31966.666193
65,25,493648,493648,31966.666193
65,26,493648,493648,31966.666193
65,27,493648,493648,31966.666193
65,28,493648,493648,31966.666193
65,29,493648,493648,31966.666193
66,0,1480944,1480944,31966.665246
66,1,1727768,1727768,31966.665010
66,2,1234120,1234120,31966.665483
66,3,1480944,1480944,31966.665246
66,4,1234120,1234120,31966.665483
66,5,740472,740472,31966.665957
66,6,1480944,1480944,31966.665246
66,7,1234120,1234120,31966.665483
66,8,740472,740472,31966.665957
66,9,493648,493648,31966.666193
66,10,987296,987296,31966.665720
66,11,1234120,1234120,31966.665483
66,12,740472,740472,31966.665957
66,13,1727768,1727768,31966.665010
66,14,493648,493648,31966.666193
66,15,493648,493648,31966.666193
66,16,493648,493648,31966.666193
66,17,740472,740472,31966.665957
66,18,493648,493648,31966.666193
66,19,493648,493648,31966.666193
66,20,493648,493648,31966.666193
66,21,493648,493648,31966.666193
66,22,493648,493648,31966.666193
66,23,493648,493648,31966.666193
66,24,493648,493648,31966.666193
66,25,493648,493648,31966.666193
66,26,493648,493648,31966.666193
66,27,493648,493648,31966.666193
66,28,493648,493648,31966.666193
66,29,493648,493648,31966.666193
67,0,1480944,1480944,31966.665246
67,1,1480944,1480944,31966.665246
67,2,1234120,1234120,31966.665483
67,3,1480944,1480944,31966.665246
67,4,987296,987296,31966.665720
67,5,740472,740472,31966.665957
67,6,1234120,1234120,31966.665483
67,7,1480944,1480944,31966.665246
67,8,740472,740472,31966.665957
67,9,493648,493648,31966.666193
67,10,987296,987296,31966.665720
67,11,1234120,1234120,31966.665483
67,12,740472,740472,31966.665957
67,13,1727768,1727768,31966.665010
67,14,493648,493648,31966.666193
67,15,493648,493648,31966.666193
67,16,493648,493648,31966.666193
67,17,740472,740472,31966.665957
67,18,493648,493648,31966.666193
67,19,493648,493648,31966.666193
67,20,493648,493648,31966.666193
67,21,493648,493648,31966.666193
67,22,493648,493648,31966.666193
67,23,493648,493648,31966.666193
67,24,493648,493648,31966.666193
67,25,493648,493648,31966.666193
67,26,493648,493648,31966.666193
67,27,493648,493648,31966.666193
67,28,493648,493648,31966.666193
67,29,493648,493648,31966.666193
68,0,1727768,1727768,31966.665010
68,1,1234120,1234120,31966.665483
68,2,1480944,1480944,31966.665246
68,3,1480944,1480944,31966.665246
68,4,1234120,1234120,31966.665483
68,5,493648,493648,31966.666193
68,6,1480944,1480944,31966.665246
68,7,1480944,1480944,31966.665246
68,8,740472,740472,31966.665957
68,9,493648,493648,31966.666193
68,10,987296,987296,31966.665720
68,11,1234120,1234120,31966.665483
68,12,740472,740472,31966.665957
68,13,1727768,1727768,31966.665010
68,14,493648,493648,31966.666193
68,15,493648,493648,31966.666193
68,16,493648,493648,31966.666193
68,17,740472,740472,31966.665957
68,18,493648,493648,31966.666193
68,19,493648,493648,31966.666193
68,20,493648,493648,31966.666193
68,21,493648,493648,31966.666193
68,22,493648,493648,31966.666193
68,23,493648,493648,31966.666193
68,24,493648,493648,31966.666193
68,25,493648,493648,31966.666193
68,26,493648,493648,31966.666193
68,27,493648,493648,31966.666193
68,28,493648,493648,31966.666193
68,29,493648,493648,31966.666193
69,0,1234120,1234120,31966.665483
69,1,1480944,1480944,31966.665246
69,2,1234120,1234120,31966.665483
69,3,1727768,1727768,31966.665010
69,4,1234120,1234120,31966.665483
69,5,740472,740472,31966.665957
69,6,1234120,1234120,31966.665483
69,7,1480944,1480944,31966.665246
69,8,740472,740472,31966.665957
69,9,493648,493648,31966.666193
69,10,987296,987296,31966.665720
69,11,1234120,1234120,31966.665483
69,12,740472,740472,31966.665957
69,13,1480944,1480944,31966.665246
69,14,493648,493648,31966.666193
69,15,493648,493648,31966.666193
69,16,493648,493648,31966.666193
69,17,740472,740472,31966.665957
69,18,493648,493648,31966.666193
69,19,493648,493648,31966.666193
69,20,493648,493648,31966.666193
69,21,493648,493648,31966.666193
69,22,493648,493648,31966.666193
69,23,493648,493648,31966.666193
69,24,493648,493648,31966.666193
69,25,493648,493648,31966.666193
69,26,493648,493648,31966.666193
69,27,493648,493648,31966.666193
69,28,493648,493648,31966.666193
69,29,493648,493648,31966.666193
70,0,1234120,1234120,31966.665483
70,1,1480944,1480944,31966.665246
70,2,1234120,1234120,31966.665483
70,3,1480944,1480944,31966.665246
70,4,987296,987296,31966.665720
70,5,493648,493648,31966.666193
70,6,1234120,1234120,31966.665483
70,7,1480944,1480944,31966.665246
70,8,740472,740472,31966.665957
70,9,493648,493648,31966.666193
70,10,987296,987296,31966.665720
70,11,1234120,1234120,31966.665483
70,12,740472,740472,31966.665957
70,13,1727768,1727768,31966.665010
70,14,493648,493648,31966.666193
70,15,493648,493648,31966.666193
70,16,493648,493648,31966.666193
70,17,740472,740472,31966.665957
70,18,493648,493648,31966.666193
70,19,493648,493648,31966.666193
70,20,493648,493648,31966.666193
70,21,493648,493648,31966.666193
70,22,493648,493648,31966.666193
70,23,493648,493648,31966.666193
70,24,493648,493648,31966.666193
70,25,493648,493648,31966.666193
70,26,493648,493648,31966.666193
70,27,493648,493648,31966.666193
70,28,493648,493648,31966.666193
70,29,493648,493648,31966.666193
71,0,1234120,1234120,31966.665483
71,1,1234120,1234120,31966.665483
71,2,1234120,1234120,31966.665483
71,3,1480944,1480944,31966.665246
71,4,987296,987296,31966.665720
71,5,493648,493648,31966.666193
71,6,1234120,1234120,31966.665483
71,7,1480944,1480944,31966.665246
71,8,740472,740472,31966.665957
71,9,493648,493648,31966.666193
71,10,987296,987296,31966.665720
71,11,1234120,1234120,31966.665483
71,12,740472,740472,31966.665957
71,13,1480944,1480944,31966.665246
71,14,493648,493648,31966.666193
71,15,493648,493648,31966.666193
71,16,493648,493648,31966.666193
71,17,740472,740472,31966.665957
71,18,493648,493648,31966.666193
71,19,493648,493648,31966.666193
71,20,493648,493648,31966.666193
71,21,493648,493648,31966.666193
71,22,493648,493648,31966.666193
71,23,493648,493648,31966.666193
71,24,493648,493648,31966.666193
71,25,493648,493648,31966.666193
71,26,493648,493648,31966.666193
71,27,493648,493648,31966.666193
71,28,493648,493648,31966.666193
71,29,493648,493648,31966.666193
72,0,1480944,1480944,31966.665246
72,1,1234120,1234120,31966.665483
72,2,1234120,1234120,31966.665483
72,3,1480944,1480944,31966.665246
72,4,1234120,1234120,31966.665483
72,5,740472,740472,31966.665957
72,6,1480944,1480944,31966.665246
72,7,1480944,1480944,31966.665246
72,8,740472,740472,31966.665957
72,9,493648,493648,31966.666193
72,10,987296,987296,31966.665720
72,11,1234120,1234120,31966.665483
72,12,740472,740472,31966.665957
72,13,1480944,1480944,31966.665246
72,14,493648,493648,31966.666193
72,15,493648,493648,31966.666193
72,16,493648,493648,31966.666193
72,17,740472,740472,31966.665957
72,18,493648,493648,31966.666193
72,19,493648,493648,31966.666193
72,20,493648,493648,31966.666193
72,21,493648,493648,31966.666193
72,22,493648,493648,31966.666193
72,23,493648,493648,31966.666193
72,24,493648,493648,31966.666193
72,25,493648,493648,31966.666193
72,26,493648,493648,31966.666193
72,27,493648,493648,31966.666193
72,28,493648,493648,31966.666193
72,29,493648,493648,31966.666193
73,0,1727768,1727768,31966.665010
73,1,1480944,1480944,31966.665246
73,2,1234120,1234120,31966.665483
73,3,1727768,1727768,31966.665010
73,4,987296,987296,31966.665720
73,5,740472,740472,31966.665957
73,6,1234120,1234120,31966.665483
73,7,1480944,1480944,31966.665246
73,8,740472,740472,31966.665957
73,9,740472,740472,31966.665957
73,10,987296,987296,31966.665720
73,11,1234120,1234120,31966.665483
73,12,740472,740472,31966.665957
73,13,1480944,1480944,31966.665246
73,14,493648,493648,31966.666193
73,15,493648,493648,31966.666193
73,16,493648,493648,31966.666193
73,17,740472,740472,31966.665957
73,18,493648,493648,31966.666193
73,19,493648,493648,31966.666193
73,20,493648,493648,31966.666193
73,21,493648,493648,31966.666193
73,22,493648,493648,31966.666193
73,23,493648,493648,31966.666193
73,24,493648,493648,31966.666193
73,25,493648,493648,31966.666193
73,26,493648,493648,31966.666193
73,27,493648,493648,31966.666193
73,28,493648,493648,31966.666193
73,29,493648,493648,31966.666193
74,0,1727768,1727768,31966.665010
74,1,1480944,1480944,31966.665246
74,2,1234120,1234120,31966.665483
74,3,1974592,1974592,31966.664773
74,4,1234120,1234120,31966.665483
74,5,740472,740472,31966.665957
74,6,1234120,1234120,31966.665483
74,7,1480944,1480944,31966.665246
74,8,740472,740472,31966.665957
74,9,740472,740472,31966.665957
74,10,987296,987296,31966.665720
74,11,1234120,1234120,31966.665483
74,12,740472,740472,31966.665957
74,13,1480944,1480944,31966.665246
74,14,493648,493648,31966.666193
74,15,493648,493648,31966.666193
74,16,493648,493648,31966.666193
74,17,740472,740472,31966.665957
74,18,493648,493648,31966.666193
74,19,493648,493648,31966.666193
74,20,493648,493648,31966.666193
74,21,493648,493648,31966.666193
74,22,493648,493648,31966.666193
74,23,493648,493648,31966.666193
74,24,493648,493648,31966.666193
74,25,493648,493648,31966.666193
74,26,493648,493648,31966.666193
74,27,493648,493648,31966.666193
74,28,493648,493648,31966.666193
74,29,493648,493648,31966.666193
75,0,1974592,1974592,31966.664773
75,1,1974592,1974592,31966.664773
75,2,1480944,1480944,31966.665246
75,3,1480944,1480944,31966.665246
75,4,1234120,1234120,31966.665483
75,5,493648,493648,31966.666193
75,6,1234120,1234120,31966.665483
75,7,1480944,1480944,31966.665246
75,8,740472,740472,31966.665957
75,9,740472,740472,31966.665957
75,10,987296,987296,31966.665720
75,11,1234120,1234120,31966.665483
75,12,740472,740472,31966.665957
75,13,1480944,1480944,31966.665246
75,14,493648,493648,31966.666193
75,15,493648,493648,31966.666193
75,16,493648,493648,31966.666193
75,17,493648,493648,31966.666193
75,18,493648,493648,31966.666193
75,19,493648,493648,31966.666193
75,20,493648,493648,31966.666193
75,21,493648,493648,31966.666193
75,22,493648,493648,31966.666193
75,23,493648,493648,31966.666193
75,24,493648,493648,31966.666193
75,25,493648,493648,31966.666193
75,26,493648,493648,31966.666193
75,27,493648,493648,31966.666193
75,28,493648,493648,31966.666193
75,29,493648,493648,31966.666193
76,0,987296,987296,31966.665720
76,1,1480944,1480944,31966.665246
76,2,1234120,1234120,31966.665483
76,3,1480944,1480944,31966.665246
76,4,987296,987296,31966.665720
76,5,493648,493648,31966.666193
76,6,1234120,1234120,31966.665483
76,7,1480944,1480944,31966.665246
76,8,740472,740472,31966.665957
76,9,493648,493648,31966.666193
76,10,987296,987296,31966.665720
76,11,1234120,1234120,31966.665483
76,12,740472,740472,31966.665957
76,13,1480944,1480944,31966.665246
76,14,493648,493648,31966.666193
76,15,493648,493648,31966.666193
76,16,493648,493648,31966.666193
76,17,740472,740472,31966.665957
76,18,493648,493648,31966.666193
76,19,493648,493648,31966.666193
76,20,493648,493648,31966.666193
76,21,493648,493648,31966.666193
76,22,493648,493648,31966.666193
76,23,493648,493648,31966.666193
76,24,493648,493648,31966.666193
76,25,493648,493648,31966.666193
76,26,493648,493648,31966.666193
76,27,493648,493648,31966.666193
76,28,493648,493648,31966.666193
76,29,493648,493648,31966.666193
77,0,1727768,1727768,31966.665010
77,1,1234120,1234120,31966.665483
77,2,1234120,1234120,31966.665483
77,3,1727768,1727768,31966.665010
77,4,987296,987296,31966.665720
77,5,493648,493648,31966.666193
77,6,1234120,1234120,31966.665483
77,7,1480944,1480944,31966.665246
77,8,740472,740472,31966.665957
77,9,493648,493648,31966.666193
77,10,987296,987296,31966.665720
77,11,1234120,1234120,31966.665483
77,12,740472,740472,31966.665957
77,13,1727768,1727768,31966.665010
77,14,493648,493648,31966.666193
77,15,493648,493648,31966.666193
77,16,493648,493648,31966.666193
77,17,740472,740472,31966.665957
77,18,493648,493648,31966.666193
77,19,493648,493648,31966.666193
77,20,493648,493648,31966.666193
77,21,493648,493648,31966.666193
77,22,493648,493648,31966.666193
77,23,493648,493648,31966.666193
77,24,493648,493648,31966.666193
77,25,493648,493648,31966.666193
77,26,493648,493648,31966.666193
77,27,493648,493648,31966.666193
77,28,493648,493648,31966.666193
77,29,493648,493648,31966.666193
78,0,1480944,1480944,31966.665246
78,1,1480944,1480944,31966.665246
78,2,1234120,1234120,31966.665483
78,3,1727768,1727768,31966.665010
78,4,1234120,1234120,31966.665483
78,5,740472,740472,31966.665957
78,6,1234120,1234120,31966.665483
78,7,1480944,1480944,31966.665246
78,8,740472,740472,31966.665957
78,9,740472,740472,31966.665957
78,10,987296,987296,31966.665720
78,11,1234120,1234120,31966.665483
78,12,740472,740472,31966.665957
78,13,1480944,1480944,31966.665246
78,14,493648,493648,31966.666193
78,15,493648,493648,31966.666193
78,16,493648,493648,31966.666193
78,17,740472,740472,31966.665957
78,18,493648,493648,31966.666193
78,19,493648,493648,31966.666193
78,20,493648,493648,31966.666193
78,21,493648,493648,31966.666193
78,22,493648,493648,31966.666193
78,23,493648,493648,31966.666193
78,24,493648,493648,31966.666193
78,25,493648,493648,31966.666193
78,26,493648,493648,31966.666193
78,27,493648,493648,31966.666193
78,28,493648,493648,31966.666193
78,29,493648,493648,31966.666193
79,0,1727768,1727768,31966.665010
79,1,1234120,1234120,31966.665483
79,2,1234120,1234120,31966.665483
79,3,1974592,1974592,31966.664773
79,4,1234120,1234120,31966.665483
79,5,493648,493648,31966.666193
79,6,1234120,1234120,31966.665483
79,7,1480944,1480944,31966.665246
79,8,740472,740472,31966.665957
79,9,493648,493648,31966.666193
79,10,987296,987296,31966.665720
79,11,1234120,1234120,31966.665483
79,12,740472,740472,31966.665957
79,13,1727768,1727768,31966.665010
79,14,493648,493648,31966.666193
79,15,493648,493648,31966.666193
79,16,493648,493648,31966.666193
79,17,740472,740472,31966.665957
79,18,493648,493648,31966.666193
79,19,493648,493648,31966.666193
79,20,493648,493648,31966.666193
79,21,493648,493648,31966.666193
79,22,493648,493648,31966.666193
79,23,493648,493648,31966.666193
79,24,493648,493648,31966.666193
79,25,493648,493648,31966.666193
79,26,493648,493648,31966.666193
79,27,493648,493648,31966.666193
79,28,493648,493648,31966.666193
79,29,493648,493648,31966.666193
80,0,1974592,1974592,31966.664773
80,1,1234120,1234120,31966.665483
80,2,1234120,1234120,31966.665483
80,3,1480944,1480944,31966.665246
80,4,987296,987296,31966.665720
80,5,493648,493648,31966.666193
80,6,1234120,1234120,31966.665483
80,7,1480944,1480944,31966.665246
80,8,740472,740472,31966.665957
80,9,493648,493648,31966.666193
80,10,987296,987296,31966.665720
80,11,1234120,1234120,31966.665483
80,12,740472,740472,31966.665957
80,13,1727768,1727768,31966.665010
80,14,493648,493648,31966.666193
80,15,493648,493648,31966.666193
80,16,493648,493648,31966.666193
80,17,740472,740472,31966.665957
80,18,493648,493648,31966.666193
80,19,493648,493648,31966.666193
80,20,493648,493648,31966.666193
80,21,493648,493648,31966.666193
80,22,493648,493648,31966.666193
80,23,493648,493648,31966.666193
80,24,493648,493648,31966.666193
80,25,493648,493648,31966.666193
80,26,493648,493648,31966.666193
80,27,493648,493648,31966.666193
80,28,493648,493648,31966.666193
80,29,493648,493648,31966.666193
81,0,1480944,1480944,31966.665246
81,1,1234120,1234120,31966.665483
81,2,1234120,1234120,31966.665483
81,3,1727768,1727768,31966.665010
81,4,1234120,1234120,31966.665483
81,5,493648,493648,31966.666193
81,6,1234120,1234120,31966.665483
81,7,1480944,1480944,31966.665246
81,8,740472,740472,31966.665957
81,9,493648,493648,31966.666193
81,10,987296,987296,31966.665720
81,11,1234120,1234120,31966.665483
81,12,740472,740472,31966.665957
81,13,1727768,1727768,31966.665010
81,14,493648,493648,31966.666193
81,15,493648,493648,31966.666193
81,16,493648,493648,31966.666193
81,17,740472,740472,31966.665957
81,18,493648,493648,31966.666193
81,19,493648,493648,31966.666193
81,20,493648,493648,31966.666193
81,21,493648,493648,31966.666193
81,22,493648,493648,31966.666193
81,23,493648,493648,31966.666193
81,24,493648,493648,31966.666193
81,25,493648,493648,31966.666193
81,26,493648,493648,31966.666193
81,27,493648,493648,31966.666193
81,28,493648,493648,31966.666193
81,29,493648,493648,31966.666193
82,0,1480944,1480944,31966.665246
82,1,1234120,1234120,31966.665483
82,2,1234120,1234120,31966.665483
82,3,1480944,1480944,31966.665246
82,4,1234120,1234120,31966.665483
82,5,740472,740472,31966.665957
82,6,1234120,1234120,31966.665483
82,7,1480944,1480944,31966.665246
82,8,740472,740472,31966.665957
82,9,493648,493648,31966.666193
82,10,987296,987296,31966.665720
82,11,1234120,1234120,31966.665483
82,12,740472,740472,31966.665957
82,13,1727768,1727768,31966.665010
82,14,493648,493648,31966.666193
82,15,493648,493648,31966.666193
82,16,493648,493648,31966.666193
82,17,740472,740472,31966.665957
82,18,493648,493648,31966.666193
82,19,493648,493648,31966.666193
82,20,493648,493648,31966.666193
82,21,493648,493648,31966.666193
82,22,493648,493648,31966.666193
82,23,493648,493648,31966.666193
82,24,493648,493648,31966.666193
82,25,493648,493648,31966.666193
82,26,493648,493648,31966.666193
82,27,493648,493648,31966.666193
82,28,493648,493648,31966.666193
82,29,493648,493648,31966.666193
83,0,1480944,1480944,31966.665246
83,1,1234120,1234120,31966.665483
83,2,1234120,1234120,31966.665483
83,3,1727768,1727768,31966.665010
83,4,1234120,1234120,31966.665483
83,5,493648,493648,31966.666193
83,6,1234120,1234120,31966.665483
83,7,1480944,1480944,31966.665246
83,8,740472,740472,31966.665957
83,9,493648,493648,31966.666193
83,10,987296,987296,31966.665720
83,11,1234120,1234120,31966.665483
83,12,740472,740472,31966.665957
83,13,1727768,1727768,31966.665010
83,14,493648,493648,31966.666193
83,15,493648,493648,31966.666193
83,16,493648,493648,31966.666193
83,17,740472,740472,31966.665957
83,18,493648,493648,31966.666193
83,19,493648,493648,31966.666193
83,20,493648,493648,31966.666193
83,21,493648,493648,31966.666193
83,22,493648,493648,31966.666193
83,23,493648,493648,31966.666193
83,24,493648,493648,31966.666193
83,25,493648,493648,31966.666193
83,26,493648,493648,31966.666193
83,27,493648,493648,31966.666193
83,28,493648,493648,31966.666193
83,29,493648,493648,31966.666193
84,0,1974592,1974592,31966.664773
84,1,1234120,1234120,31966.665483
84,2,1234120,1234120,31966.665483
84,3,1727768,1727768,31966.665010
84,4,1234120,1234120,31966.665483
84,5,493648,493648,31966.666193
84,6,1234120,1234120,31966.665483
84,7,1480944,1480944,31966.665246
84,8,740472,740472,31966.665957
84,9,493648,493648,31966.666193
84,10,987296,987296,31966.665720
84,11,1234120,1234120,31966.665483
84,12,740472,740472,31966.665957
84,13,1727768,1727768,31966.665010
84,14,493648,493648,31966.666193
84,15,493648,493648,31966.666193
84,16,493648,493648,31966.666193
84,17,740472,740472,31966.665957
84,18,493648,493648,31966.666193
84,19,493648,493648,31966.666193
84,20,493648,493648,31966.666193
84,21,493648,493648,31966.666193
84,22,493648,493648,31966.666193
84,23,493648,493648,31966.666193
84,24,493648,493648,31966.666193
84,25,493648,493648,31966.666193
84,26,493648,493648,31966.666193
84,27,493648,493648,31966.666193
84,28,493648,493648,31966.666193
84,29,493648,493648,31966.666193
85,0,1480944,1480944,31966.665246
85,1,1234120,1234120,31966.665483
85,2,1234120,1234120,31966.665483
85,3,1480944,1480944,31966.665246
85,4,1234120,1234120,31966.665483
85,5,740472,740472,31966.665957
85,6,1234120,1234120,31966.665483
85,7,1480944,1480944,31966.665246
85,8,740472,740472,31966.665957
85,9,493648,493648,31966.666193
85,10,987296,987296,31966.665720
85,11,1234120,1234120,31966.665483
85,12,740472,740472,31966.665957
85,13,1727768,1727768,31966.665010
85,14,493648,493648,31966.666193
85,15,493648,493648,31966.666193
85,16,493648,493648,31966.666193
85,17,740472,740472,31966.665957
85,18,493648,493648,31966.666193
85,19,493648,493648,31966.666193
85,20,493648,493648,31966.666193
85,21,493648,493648,31966.666193
85,22,493648,493648,31966.666193
85,23,493648,493648,31966.666193
85,24,493648,493648,31966.666193
85,25,493648,493648,31966.666193
85,26,493648,493648,31966.666193
85,27,493648,493648,31966.666193
85,28,493648,493648,31966.666193
85,29,493648,493648,31966.666193
86,0,1727768,1727768,31966.665010
86,1,1234120,1234120,31966.665483
86,2,1234120,1234120,31966.665483
86,3,1727768,1727768,31966.665010
86,4,1234120,1234120,31966.665483
86,5,740472,740472,31966.665957
86,6,1234120,1234120,31966.665483
86,7,1480944,1480944,31966.665246
86,8,740472,740472,31966.665957
86,9,493648,493648,31966.666193
86,10,987296,987296,31966.665720
86,11,1234120,1234120,31966.665483
86,12,740472,740472,31966.665957
86,13,1727768,1727768,31966.665010
86,14,493648,493648,31966.666193
86,15,493648,493648,31966.666193
86,16,493648,493648,31966.666193
86,17,740472,740472,31966.665957
86,18,493648,493648,31966.666193
86,19,493648,493648,31966.666193
86,20,493648,493648,31966.666193
86,21,493648,493648,31966.666193
86,22,493648,493648,31966.666193
86,23,493648,493648,31966.666193
86,24,493648,493648,31966.666193
86,25,493648,493648,31966.666193
86,26,493648,493648,31966.666193
86,27,493648,493648,31966.666193
86,28,493648,493648,31966.666193
86,29,493648,493648,31966.666193
87,0,1727768,1727768,31966.665010
87,1,1234120,1234120,31966.665483
87,2,1234120,1234120,31966.665483
87,3,1480944,1480944,31966.665246
87,4,987296,987296,31966.665720
87,5,740472,740472,31966.665957
87,6,1234120,1234120,31966.665483
87,7,1480944,1480944,31966.665246
87,8,740472,740472,31966.665957
87,9,493648,493648,31966.666193
87,10,987296,987296,31966.665720
87,11,1234120,1234120,31966.665483
87,12,740472,740472,31966.665957
87,13,1727768,1727768,31966.665010
87,14,493648,493648,31966.666193
87,15,493648,493648,31966.666193
87,16,493648,493648,31966.666193
87,17,740472,740472,31966.665957
87,18,493648,493648,31966.666193
87,19,493648,493648,31966.666193
87,20,493648,493648,31966.666193
87,21,493648,493648,31966.666193
87,22,493648,493648,31966.666193
87,23,493648,493648,31966.666193
87,24,493648,493648,31966.666193
87,25,493648,493648,31966.666193
87,26,493648,493648,31966.666193
87,27,493648,493648,31966.666193
87,28,493648,493648,31966.666193
87,29,493648,493648,31966.666193
88,0,1234120,1234120,31966.665483
88,1,1234120,1234120,31966.665483
88,2,987296,987296,31966.665720
88,3,1480944,1480944,31966.665246
88,4,1480944,1480944,31966.665246
88,5,740472,740472,31966.665957
88,6,1480944,1480944,31966.665246
88,7,1480944,1480944,31966.665246
88,8,740472,740472,31966.665957
88,9,493648,493648,31966.666193
88,10,987296,987296,31966.665720
88,11,1234120,1234120,31966.665483
88,12,740472,740472,31966.665957
88,13,1727768,1727768,31966.665010
88,14,493648,493648,31966.666193
88,15,493648,493648,31966.666193
88,16,493648,493648,31966.666193
88,17,740472,740472,31966.665957
88,18,493648,493648,31966.666193
88,19,493648,493648,31966.666193
88,20,493648,493648,31966.666193
88,21,493648,493648,31966.666193
88,22,493648,493648,31966.666193
88,23,493648,493648,31966.666193
88,24,493648,493648,31966.666193
88,25,493648,493648,31966.666193
88,26,493648,493648,31966.666193
88,27,493648,493648,31966.666193
88,28,493648,493648,31966.666193
88,29,493648,493648,31966.666193
89,0,1974592,1974592,31966.664773
89,1,1727768,1727768,31966.665010
89,2,1234120,1234120,31966.665483
89,3,1727768,1727768,31966.665010
89,4,1234120,1234120,31966.665483
89,5,493648,493648,31966.666193
89,6,1234120,1234120,31966.665483
89,7,1480944,1480944,31966.665246
89,8,740472,740472,31966.665957
89,9,493648,493648,31966.666193
89,10,987296,987296,31966.665720
89,11,1234120,1234120,31966.665483
89,12,740472,740472,31966.665957
89,13,1727768,1727768,31966.665010
89,14,493648,493648,31966.666193
89,15,493648,493648,31966.666193
89,16,493648,493648,31966.666193
89,17,740472,740472,31966.665957
89,18,493648,493648,31966.666193
89,19,493648,493648,31966.666193
89,20,493648,493648,31966.666193
89,21,493648,493648,31966.666193
89,22,493648,493648,31966.666193
89,23,493648,493648,31966.666193
89,24,493648,493648,31966.666193
89,25,493648,493648,31966.666193
89,26,493648,493648,31966.666193
89,27,493648,493648,31966.666193
89,28,493648,493648,31966.666193
89,29,493648,493648,31966.666193
90,0,1727768,1727768,31966.665010
90,1,1480944,1480944,31966.665246
90,2,1234120,1234120,31966.665483
90,3,1974592,1974592,31966.664773
90,4,1234120,1234120,31966.665483
90,5,740472,740472,31966.665957
90,6,1234120,1234120,31966.665483
90,7,1480944,1480944,31966.665246
90,8,740472,740472,31966.665957
90,9,493648,493648,31966.666193
90,10,987296,987296,31966.665720
90,11,1234120,1234120,31966.665483
90,12,740472,740472,31966.665957
90,13,1727768,1727768,31966.665010
90,14,493648,493648,31966.666193
90,15,493648,493648,31966.666193
90,16,493648,493648,31966.666193
90,17,740472,740472,31966.665957
90,18,493648,493648,31966.666193
90,19,493648,493648,31966.666193
90,20,493648,493648,31966.666193
90,21,493648,493648,31966.666193
90,22,493648,493648,31966.666193
90,23,493648,493648,31966.666193
90,24,493648,493648,31966.666193
90,25,493648,493648,31966.666193
90,26,493648,493648,31966.666193
90,27,493648,493648,31966.666193
90,28,493648,493648,31966.666193
90,29,493648,493648,31966.666193
91,0,1974592,1974592,31966.664773
91,1,1727768,1727768,31966.665010
91,2,1480944,1480944,31966.665246
91,3,1480944,1480944,31966.665246
91,4,1234120,1234120,31966.665483
91,5,493648,493648,31966.666193
91,6,1234120,1234120,31966.665483
91,7,1480944,1480944,31966.665246
91,8,740472,740472,31966.665957
91,9,493648,493648,31966.666193
91,10,987296,987296,31966.665720
91,11,1234120,1234120,31966.665483
91,12,740472,740472,31966.665957
91,13,1727768,1727768,31966.665010
91,14,493648,493648,31966.666193
91,15,493648,493648,31966.666193
91,16,493648,493648,31966.666193
91,17,740472,740472,31966.665957
91,18,493648,493648,31966.666193
91,19,493648,493648,31966.666193
91,20,493648,493648,31966.666193
91,21,493648,493648,31966.666193
91,22,493648,493648,31966.666193
91,23,493648,493648,31966.666193
91,24,493648,493648,31966.666193
91,25,493648,493648,31966.666193
91,26,493648,493648,31966.666193
91,27,493648,493648,31966.666193
91,28,493648,493648,31966.666193
91,29,493648,493648,31966.666193
92,0,1974592,1974592,31966.664773
92,1,1234120,1234120,31966.665483
92,2,1234120,1234120,31966.665483
92,3,1727768,1727768,31966.665010
92,4,1234120,1234120,31966.665483
92,5,493648,493648,31966.666193
92,6,1234120,1234120,31966.665483
92,7,1480944,1480944,31966.665246
92,8,740472,740472,31966.665957
92,9,493648,493648,31966.666193
92,10,987296,987296,31966.665720
92,11,1234120,1234120,31966.665483
92,12,740472,740472,31966.665957
92,13,1727768,1727768,31966.665010
92,14,493648,493648,31966.666193
92,15,493648,493648,31966.666193
92,16,493648,493648,31966.666193
92,17,740472,740472,31966.665957
92,18,493648,493648,31966.666193
92,19,493648,493648,31966.666193
92,20,493648,493648,31966.666193
92,21,493648,493648,31966.666193
92,22,493648,493648,31966.666193
92,23,493648,493648,31966.666193
92,24,493648,493648,31966.666193
92,25,493648,493648,31966.666193
92,26,493648,493648,31966.666193
92,27,493648,493648,31966.666193
92,28,493648,493648,31966.666193
92,29,493648,493648,31966.666193
93,0,1974592,1974592,31966.665209
93,1,1480944,1480944,31966.665574
93,2,1234120,1234120,31966.665756
93,3,1480944,1480944,31966.665574
93,4,1234120,1234120,31966.665756
93,5,493648,493648,31966.666302
93,6,1234120,1234120,31966.665756
93,7,1480944,1480944,31966.665574
93,8,740472,740472,31966.666120
93,9,493648,493648,31966.666302
93,10,987296,987296,31966.665938
93,11,1234120,1234120,31966.665756
93,12,740472,740472,31966.666120
93,13,1727768,1727768,31966.665392
93,14,493648,493648,31966.666302
93,15,493648,493648,31966.666302
93,16,493648,493648,31966.666302
93,17,740472,740472,31966.666120
93,18,493648,493648,31966.666302
93,19,493648,493648,31966.666302
93,20,493648,493648,31966.666302
93,21,493648,493648,31966.666302
93,22,493648,493648,31966.666302
93,23,493648,493648,31966.666302
93,24,493648,493648,31966.666302
93,25,493648,493648,31966.666302
93,26,493648,493648,31966.666302
93,27,493648,493648,31966.666302
93,28,493648,493648,31966.666302
93,29,493648,493648,31966.666302
94,0,1727768,1727768,31966.665010
94,1,1234120,1234120,31966.665483
94,2,1480944,1480944,31966.665246
94,3,1727768,1727768,31966.665010
94,4,987296,987296,31966.665720
94,5,493648,493648,31966.666193
94,6,1234120,1234120,31966.665483
94,7,1480944,1480944,31966.665246
94,8,740472,740472,31966.665957
94,9,493648,493648,31966.666193
94,10,987296,987296,31966.665720
94,11,1234120,1234120,31966.665483
94,12,740472,740472,31966.665957
94,13,1480944,1480944,31966.665246
94,14,493648,493648,31966.666193
94,15,493648,493648,31966.666193
94,16,493648,493648,31966.666193
94,17,740472,740472,31966.665957
94,18,493648,493648,31966.666193
94,19,493648,493648,31966.666193
94,20,493648,493648,31966.666193
94,21,493648,493648,31966.666193
94,22,493648,493648,31966.666193
94,23,493648,493648,31966.666193
94,24,493648,493648,31966.666193
94,25,493648,493648,31966.666193
94,26,493648,493648,31966.666193
94,27,493648,493648,31966.666193
94,28,493648,493648,31966.666193
94,29,493648,493648,31966.666193
95,0,1727768,1727768,31966.665010
95,1,1234120,1234120,31966.665483
95,2,1234120,1234120,31966.665483
95,3,1727768,1727768,31966.665010
95,4,987296,987296,31966.665720
95,5,740472,740472,31966.665957
95,6,1234120,1234120,31966.665483
95,7,1480944,1480944,31966.665246
95,8,740472,740472,31966.665957
95,9,493648,493648,31966.666193
95,10,987296,987296,31966.665720
95,11,1234120,1234120,31966.665483
95,12,740472,740472,31966.665957
95,13,1480944,1480944,31966.665246
95,14,493648,493648,31966.666193
95,15,493648,493648,31966.666193
95,16,493648,493648,31966.666193
95,17,740472,740472,31966.665957
95,18,493648,493648,31966.666193
95,19,493648,493648,31966.666193
95,20,493648,493648,31966.666193
95,21,493648,493648,31966.666193
95,22,493648,493648,31966.666193
95,23,493648,493648,31966.666193
95,24,493648,493648,31966.666193
95,25,493648,493648,31966.666193
95,26,493648,493648,31966.666193
95,27,493648,493648,31966.666193
95,28,493648,493648,31966.666193
95,29,493648,493648,31966.666193
96,0,1727768,1727768,31966.665010
96,1,1234120,1234120,31966.665483
96,2,1234120,1234120,31966.665483
96,3,1480944,1480944,31966.665246
96,4,987296,987296,31966.665720
96,5,740472,740472,31966.665957
96,6,1234120,1234120,31966.665483
96,7,1480944,1480944,31966.665246
96,8,740472,740472,31966.665957
96,9,740472,740472,31966.665957
96,10,987296,987296,31966.665720
96,11,1234120,1234120,31966.665483
96,12,740472,740472,31966.665957
96,13,1480944,1480944,31966.665246
96,14,493648,493648,31966.666193
96,15,493648,493648,31966.666193
96,16,493648,493648,31966.666193
96,17,740472,740472,31966.665957
96,18,493648,493648,31966.666193
96,19,493648,493648,31966.666193
96,20,493648,493648,31966.666193
96,21,493648,493648,31966.666193
96,22,493648,493648,31966.666193
96,23,493648,493648,31966.666193
96,24,493648,493648,31966.666193
96,25,493648,493648,31966.666193
96,26,493648,493648,31966.666193
96,27,493648,493648,31966.666193
96,28,493648,493648,31966.666193
96,29,493648,493648,31966.666193
97,0,1480944,1480944,31966.665246
97,1,1234120,1234120,31966.665483
97,2,1234120,1234120,31966.665483
97,3,1480944,1480944,31966.665246
97,4,987296,987296,31966.665720
97,5,740472,740472,31966.665957
97,6,1234120,1234120,31966.665483
97,7,1480944,1480944,31966.665246
97,8,740472,740472,31966.665957
97,9,493648,493648,31966.666193
97,10,987296,987296,31966.665720
97,11,1234120,1234120,31966.665483
97,12,740472,740472,31966.665957
97,13,1480944,1480944,31966.665246
97,14,493648,493648,31966.666193
97,15,493648,493648,31966.666193
97,16,493648,493648,31966.666193
97,17,740472,740472,31966.665957
97,18,493648,493648,31966.666193
97,19,493648,493648,31966.666193
97,20,493648,493648,31966.666193
97,21,493648,493648,31966.666193
97,22,493648,493648,31966.666193
97,23,493648,493648,31966.666193
97,24,493648,493648,31966.666193
97,25,493648,493648,31966.666193
97,26,493648,493648,31966.666193
97,27,493648,493648,31966.666193
97,28,493648,493648,31966.666193
97,29,493648,493648,31966.666193
98,0,1727768,1727768,31966.665010
98,1,1234120,1234120,31966.665483
98,2,1234120,1234120,31966.665483
98,3,1480944,1480944,31966.665246
98,4,740472,740472,31966.665957
98,5,740472,740472,31966.665957
98,6,1234120,1234120,31966.665483
98,7,1480944,1480944,31966.665246
98,8,740472,740472,31966.665957
98,9,493648,493648,31966.666193
98,10,987296,987296,31966.665720
98,11,1234120,1234120,31966.665483
98,12,740472,740472,31966.665957
98,13,1480944,1480944,31966.665246
98,14,493648,493648,31966.666193
98,15,493648,493648,31966.666193
98,16,493648,493648,31966.666193
98,17,740472,740472,31966.665957
98,18,493648,493648,31966.666193
98,19,493648,493648,31966.666193
98,20,493648,493648,31966.666193
98,21,493648,493648,31966.666193
98,22,493648,493648,31966.666193
98,23,493648,493648,31966.666193
98,24,493648,493648,31966.666193
98,25,493648,493648,31966.666193
98,26,493648,493648,31966.666193
98,27,493648,493648,31966.666193
98,28,493648,493648,31966.666193
98,29,493648,493648,31966.666193
99,0,1974592,1974592,31966.664773
99,1,1234120,1234120,31966.665483
99,2,1234120,1234120,31966.665483
99,3,1480944,1480944,31966.665246
99,4,740472,740472,31966.665957
99,5,740472,740472,31966.665957
99,6,1234120,1234120,31966.665483
99,7,1480944,1480944,31966.665246
99,8,740472,740472,31966.665957
99,9,740472,740472,31966.665957
99,10,987296,987296,31966.665720
99,11,1234120,1234120,31966.665483
99,12,740472,740472,31966.665957
99,13,1480944,1480944,31966.665246
99,14,493648,493648,31966.666193
99,15,493648,493648,31966.666193
99,16,493648,493648,31966.666193
99,17,740472,740472,31966.665957
99,18,493648,493648,31966.666193
99,19,493648,493648,31966.666193
99,20,493648,493648,31966.666193
99,21,493648,493648,31966.666193
99,22,493648,493648,31966.666193
99,23,493648,493648,31966.666193
99,24,493648,493648,31966.666193
99,25,493648,493648,31966.666193
99,26,493648,493648,31966.666193
99,27,493648,493648,31966.666193
99,28,493648,493648,31966.666193
99,29,493648,493648,31966.666193
