round,node,idle_ticks,busy_ticks
0,0,893,30
0,1,819,104
0,2,882,41
0,3,868,55
0,4,739,184
0,5,814,109
0,6,865,58
0,7,842,81
0,8,853,70
0,9,770,153
0,10,775,148
0,11,821,102
0,12,819,104
0,13,829,94
0,14,827,96
0,15,516,407
0,16,183,740
0,17,397,526
0,18,14,909
0,19,310,613
0,20,297,626
0,21,251,672
0,22,718,205
0,23,306,617
0,24,488,435
0,25,186,737
0,26,791,132
0,27,565,358
0,28,534,389
0,29,491,432
1,0,893,30
1,1,819,104
1,2,882,41
1,3,868,55
1,4,739,184
1,5,811,112
1,6,865,58
1,7,842,81
1,8,853,70
1,9,771,152
1,10,775,148
1,11,821,102
1,12,819,104
1,13,829,94
1,14,827,96
1,15,516,407
1,16,183,740
1,17,397,526
1,18,14,909
1,19,310,613
1,20,297,626
1,21,251,672
1,22,718,205
1,23,306,617
1,24,488,435
1,25,186,737
1,26,791,132
1,27,565,358
1,28,534,389
1,29,491,432
2,0,893,30
2,1,819,104
2,2,882,41
2,3,868,55
2,4,739,184
2,5,811,112
2,6,865,58
2,7,842,81
2,8,853,70
2,9,770,153
2,10,775,148
2,11,821,102
2,12,819,104
2,13,829,94
2,14,827,96
2,15,516,407
2,16,183,740
2,17,397,526
2,18,14,909
2,19,310,613
2,20,297,626
2,21,251,672
2,22,718,205
2,23,306,617
2,24,488,435
2,25,186,737
2,26,791,132
2,27,565,358
2,28,534,389
2,29,491,432
3,0,893,30
3,1,819,104
3,2,882,41
3,3,868,55
3,4,739,184
3,5,811,112
3,6,865,58
3,7,842,81
3,8,853,70
3,9,770,153
3,10,775,148
3,11,821,102
3,12,819,104
3,13,829,94
3,14,827,96
3,15,516,407
3,16,183,740
3,17,397,526
3,18,14,909
3,19,310,613
3,20,297,626
3,21,251,672
3,22,718,205
3,23,306,617
3,24,488,435
3,25,186,737
3,26,791,132
3,27,565,358
3,28,534,389
3,29,491,432
4,0,893,30
4,1,819,104
4,2,882,41
4,3,868,55
4,4,739,184
4,5,811,112
4,6,865,58
4,7,842,81
4,8,853,70
4,9,770,153
4,10,775,148
4,11,821,102
4,12,819,104
4,13,829,94
4,14,827,96
4,15,516,407
4,16,183,740
4,17,397,526
4,18,14,909
4,19,310,613
4,20,297,626
4,21,251,672
4,22,718,205
4,23,306,617
4,24,488,435
4,25,186,737
4,26,791,132
4,27,565,358
4,28,534,389
4,29,491,432
5,0,893,30
5,1,819,104
5,2,882,41
5,3,868,55
5,4,739,184
5,5,811,112
5,6,865,58
5,7,842,81
5,8,853,70
5,9,770,153
5,10,775,148
5,11,821,102
5,12,819,104
5,13,829,94
5,14,827,96
5,15,516,407
5,16,183,740
5,17,397,526
5,18,14,909
5,19,310,613
5,20,297,626
5,21,251,672
5,22,718,205
5,23,306,617
5,24,488,435
5,25,186,737
5,26,791,132
5,27,565,358
5,28,534,389
5,29,491,432
6,0,893,30
6,1,819,104
6,2,882,41
6,3,868,55
6,4,739,184
6,5,811,112
6,6,865,58
6,7,849,74
6,8,853,70
6,9,770,153
6,10,775,148
6,11,821,102
6,12,819,104
6,13,829,94
6,14,827,96
6,15,516,407
6,16,183,740
6,17,397,526
6,18,14,909
6,19,310,613
6,20,297,626
6,21,251,672
6,22,718,205
6,23,306,617
6,24,488,435
6,25,186,737
6,26,791,132
6,27,565,358
6,28,534,389
6,29,491,432
7,0,893,30
7,1,819,104
7,2,882,41
7,3,868,55
7,4,739,184
7,5,811,112
7,6,865,58
7,7,842,81
7,8,853,70
7,9,770,153
7,10,775,148
7,11,821,102
7,12,819,104
7,13,829,94
7,14,827,96
7,15,516,407
7,16,183,740
7,17,397,526
7,18,14,909
7,19,310,613
7,20,297,626
7,21,251,672
7,22,718,205
7,23,306,617
7,24,488,435
7,25,186,737
7,26,791,132
7,27,565,358
7,28,534,389
7,29,491,432
8,0,893,30
8,1,819,104
8,2,882,41
8,3,868,55
8,4,739,184
8,5,811,112
8,6,865,58
8,7,842,81
8,8,853,70
8,9,770,153
8,10,775,148
8,11,821,102
8,12,819,104
8,13,829,94
8,14,827,96
8,15,516,407
8,16,183,740
8,17,397,526
8,18,14,909
8,19,310,613
8,20,297,626
8,21,251,672
8,22,718,205
8,23,306,617
8,24,488,435
8,25,186,737
8,26,791,132
8,27,565,358
8,28,534,389
8,29,491,432
9,0,888,30
9,1,814,104
9,2,877,41
9,3,863,55
9,4,734,184
9,5,806,112
9,6,860,58
9,7,837,81
9,8,848,70
9,9,765,153
9,10,770,148
9,11,816,102
9,12,814,104
9,13,824,94
9,14,822,96
9,15,511,407
9,16,197,721
9,17,392,526
9,18,9,909
9,19,310,608
9,20,292,626
9,21,246,672
9,22,713,205
9,23,301,617
9,24,483,435
9,25,181,737
9,26,786,132
9,27,560,358
9,28,529,389
9,29,486,432
10,0,893,30
10,1,819,104
10,2,882,41
10,3,868,55
10,4,739,184
10,5,811,112
10,6,865,58
10,7,842,81
10,8,853,70
10,9,770,153
10,10,775,148
10,11,821,102
10,12,819,104
10,13,829,94
10,14,827,96
10,15,516,407
10,16,183,740
10,17,397,526
10,18,14,909
10,19,310,613
10,20,297,626
10,21,251,672
10,22,718,205
10,23,306,617
10,24,488,435
10,25,186,737
10,26,791,132
10,27,565,358
10,28,534,389
10,29,491,432
11,0,893,30
11,1,819,104
11,2,882,41
11,3,868,55
11,4,739,184
11,5,814,109
11,6,865,58
11,7,842,81
11,8,853,70
11,9,770,153
11,10,775,148
11,11,821,102
11,12,838,85
11,13,829,94
11,14,827,96
11,15,516,407
11,16,183,740
11,17,397,526
11,18,14,909
11,19,310,613
11,20,297,626
11,21,251,672
11,22,718,205
11,23,306,617
11,24,488,435
11,25,186,737
11,26,791,132
11,27,565,358
11,28,534,389
11,29,491,432
12,0,888,30
12,1,814,104
12,2,877,41
12,3,863,55
12,4,734,184
12,5,809,109
12,6,860,58
12,7,837,81
12,8,848,70
12,9,765,153
12,10,770,148
12,11,816,102
12,12,814,104
12,13,824,94
12,14,822,96
12,15,511,407
12,16,197,721
12,17,392,526
12,18,9,909
12,19,310,608
12,20,292,626
12,21,246,672
12,22,713,205
12,23,301,617
12,24,483,435
12,25,181,737
12,26,786,132
12,27,560,358
12,28,529,389
12,29,486,432
13,0,893,30
13,1,819,104
13,2,882,41
13,3,868,55
13,4,739,184
13,5,814,109
13,6,865,58
13,7,842,81
13,8,853,70
13,9,770,153
13,10,775,148
13,11,821,102
13,12,838,85
13,13,829,94
13,14,827,96
13,15,516,407
13,16,183,740
13,17,397,526
13,18,14,909
13,19,310,613
13,20,297,626
13,21,251,672
13,22,718,205
13,23,306,617
13,24,488,435
13,25,186,737
13,26,791,132
13,27,565,358
13,28,534,389
13,29,491,432
14,0,888,30
14,1,814,104
14,2,877,41
14,3,863,55
14,4,734,184
14,5,806,112
14,6,860,58
14,7,837,81
14,8,848,70
14,9,765,153
14,10,770,148
14,11,816,102
14,12,814,104
14,13,824,94
14,14,822,96
14,15,511,407
14,16,197,721
14,17,392,526
14,18,9,909
14,19,310,608
14,20,292,626
14,21,246,672
14,22,713,205
14,23,301,617
14,24,483,435
14,25,181,737
14,26,786,132
14,27,560,358
14,28,529,389
14,29,486,432
15,0,893,30
15,1,819,104
15,2,882,41
15,3,868,55
15,4,739,184
15,5,811,112
15,6,865,58
15,7,842,81
15,8,853,70
15,9,771,152
15,10,775,148
15,11,821,102
15,12,819,104
15,13,829,94
15,14,827,96
15,15,516,407
15,16,183,740
15,17,397,526
15,18,14,909
15,19,310,613
15,20,297,626
15,21,251,672
15,22,718,205
15,23,306,617
15,24,488,435
15,25,186,737
15,26,791,132
15,27,565,358
15,28,534,389
15,29,491,432
16,0,893,30
16,1,819,104
16,2,882,41
16,3,868,55
16,4,739,184
16,5,814,109
16,6,865,58
16,7,842,81
16,8,853,70
16,9,770,153
16,10,775,148
16,11,821,102
16,12,819,104
16,13,829,94
16,14,827,96
16,15,516,407
16,16,183,740
16,17,397,526
16,18,14,909
16,19,310,613
16,20,297,626
16,21,251,672
16,22,718,205
16,23,306,617
16,24,488,435
16,25,186,737
16,26,791,132
16,27,565,358
16,28,534,389
16,29,491,432
17,0,893,30
17,1,819,104
17,2,882,41
17,3,868,55
17,4,739,184
17,5,814,109
17,6,865,58
17,7,842,81
17,8,853,70
17,9,770,153
17,10,775,148
17,11,821,102
17,12,819,104
17,13,829,94
17,14,827,96
17,15,516,407
17,16,183,740
17,17,397,526
17,18,14,909
17,19,310,613
17,20,297,626
17,21,251,672
17,22,718,205
17,23,306,617
17,24,488,435
17,25,186,737
17,26,791,132
17,27,565,358
17,28,534,389
17,29,491,432
18,0,893,30
18,1,819,104
18,2,882,41
18,3,868,55
18,4,739,184
18,5,811,112
18,6,865,58
18,7,849,74
18,8,853,70
18,9,770,153
18,10,775,148
18,11,821,102
18,12,819,104
18,13,829,94
18,14,827,96
18,15,516,407
18,16,183,740
18,17,397,526
18,18,14,909
18,19,310,613
18,20,297,626
18,21,251,672
18,22,718,205
18,23,306,617
18,24,488,435
18,25,186,737
18,26,791,132
18,27,565,358
18,28,534,389
18,29,491,432
19,0,893,30
19,1,819,104
19,2,882,41
19,3,868,55
19,4,739,184
19,5,811,112
19,6,865,58
19,7,849,74
19,8,853,70
19,9,770,153
19,10,775,148
19,11,821,102
19,12,819,104
19,13,829,94
19,14,827,96
19,15,516,407
19,16,183,740
19,17,397,526
19,18,14,909
19,19,310,613
19,20,297,626
19,21,251,672
19,22,718,205
19,23,306,617
19,24,488,435
19,25,186,737
19,26,791,132
19,27,565,358
19,28,534,389
19,29,491,432
20,0,893,30
20,1,819,104
20,2,882,41
20,3,868,55
20,4,739,184
20,5,811,112
20,6,865,58
20,7,842,81
20,8,853,70
20,9,770,153
20,10,775,148
20,11,821,102
20,12,819,104
20,13,829,94
20,14,827,96
20,15,516,407
20,16,183,740
20,17,397,526
20,18,14,909
20,19,310,613
20,20,297,626
20,21,251,672
20,22,718,205
20,23,306,617
20,24,488,435
20,25,186,737
20,26,791,132
20,27,565,358
20,28,534,389
20,29,491,432
21,0,893,30
21,1,819,104
21,2,882,41
21,3,868,55
21,4,739,184
21,5,811,112
21,6,865,58
21,7,842,81
21,8,853,70
21,9,770,153
21,10,775,148
21,11,821,102
21,12,819,104
21,13,829,94
21,14,827,96
21,15,516,407
21,16,183,740
21,17,397,526
21,18,14,909
21,19,310,613
21,20,297,626
21,21,251,672
21,22,718,205
21,23,306,617
21,24,488,435
21,25,186,737
21,26,791,132
21,27,565,358
21,28,534,389
21,29,491,432
22,0,893,30
22,1,819,104
22,2,882,41
22,3,868,55
22,4,739,184
22,5,811,112
22,6,865,58
22,7,842,81
22,8,853,70
22,9,771,152
22,10,775,148
22,11,821,102
22,12,819,104
22,13,829,94
22,14,827,96
22,15,516,407
22,16,183,740
22,17,397,526
22,18,14,909
22,19,310,613
22,20,297,626
22,21,251,672
22,22,718,205
22,23,306,617
22,24,488,435
22,25,186,737
22,26,791,132
22,27,565,358
22,28,534,389
22,29,491,432
23,0,893,30
23,1,819,104
23,2,882,41
23,3,868,55
23,4,739,184
23,5,811,112
23,6,865,58
23,7,842,81
23,8,853,70
23,9,770,153
23,10,775,148
23,11,821,102
23,12,819,104
23,13,829,94
23,14,827,96
23,15,516,407
23,16,183,740
23,17,397,526
23,18,14,909
23,19,310,613
23,20,297,626
23,21,251,672
23,22,718,205
23,23,306,617
23,24,488,435
23,25,186,737
23,26,791,132
23,27,565,358
23,28,534,389
23,29,491,432
24,0,893,30
24,1,819,104
24,2,882,41
24,3,868,55
24,4,739,184
24,5,811,112
24,6,865,58
24,7,842,81
24,8,853,70
24,9,770,153
24,10,775,148
24,11,821,102
24,12,819,104
24,13,829,94
24,14,827,96
24,15,516,407
24,16,183,740
24,17,397,526
24,18,14,909
24,19,310,613
24,20,297,626
24,21,251,672
24,22,718,205
24,23,306,617
24,24,488,435
24,25,186,737
24,26,791,132
24,27,565,358
24,28,534,389
24,29,491,432
25,0,893,30
25,1,819,104
25,2,882,41
25,3,868,55
25,4,739,184
25,5,811,112
25,6,865,58
25,7,842,81
25,8,853,70
25,9,771,152
25,10,775,148
25,11,821,102
25,12,819,104
25,13,829,94
25,14,827,96
25,15,516,407
25,16,183,740
25,17,397,526
25,18,14,909
25,19,310,613
25,20,297,626
25,21,251,672
25,22,718,205
25,23,306,617
25,24,488,435
25,25,186,737
25,26,791,132
25,27,565,358
25,28,534,389
25,29,491,432
26,0,893,30
26,1,819,104
26,2,882,41
26,3,868,55
26,4,739,184
26,5,811,112
26,6,865,58
26,7,842,81
26,8,853,70
26,9,771,152
26,10,775,148
26,11,821,102
26,12,819,104
26,13,829,94
26,14,827,96
26,15,516,407
26,16,183,740
26,17,397,526
26,18,14,909
26,19,310,613
26,20,297,626
26,21,251,672
26,22,718,205
26,23,306,617
26,24,488,435
26,25,186,737
26,26,791,132
26,27,565,358
26,28,534,389
26,29,491,432
27,0,893,30
27,1,819,104
27,2,882,41
27,3,868,55
27,4,739,184
27,5,814,109
27,6,865,58
27,7,842,81
27,8,853,70
27,9,771,152
27,10,775,148
27,11,821,102
27,12,819,104
27,13,829,94
27,14,827,96
27,15,516,407
27,16,183,740
27,17,397,526
27,18,14,909
27,19,310,613
27,20,297,626
27,21,251,672
27,22,718,205
27,23,306,617
27,24,488,435
27,25,186,737
27,26,791,132
27,27,565,358
27,28,534,389
27,29,491,432
28,0,893,30
28,1,819,104
28,2,882,41
28,3,868,55
28,4,739,184
28,5,811,112
28,6,865,58
28,7,849,74
28,8,853,70
28,9,771,152
28,10,775,148
28,11,821,102
28,12,819,104
28,13,829,94
28,14,827,96
28,15,516,407
28,16,183,740
28,17,397,526
28,18,14,909
28,19,310,613
28,20,297,626
28,21,251,672
28,22,718,205
28,23,306,617
28,24,488,435
28,25,186,737
28,26,791,132
28,27,565,358
28,28,534,389
28,29,491,432
29,0,893,30
29,1,819,104
29,2,882,41
29,3,868,55
29,4,739,184
29,5,814,109
29,6,865,58
29,7,842,81
29,8,853,70
29,9,771,152
29,10,775,148
29,11,821,102
29,12,819,104
29,13,829,94
29,14,827,96
29,15,516,407
29,16,183,740
29,17,397,526
29,18,14,909
29,19,310,613
29,20,297,626
29,21,251,672
29,22,718,205
29,23,306,617
29,24,488,435
29,25,186,737
29,26,791,132
29,27,565,358
29,28,534,389
29,29,491,432
30,0,893,30
30,1,819,104
30,2,882,41
30,3,868,55
30,4,739,184
30,5,811,112
30,6,865,58
30,7,842,81
30,8,853,70
30,9,771,152
30,10,775,148
30,11,821,102
30,12,819,104
30,13,829,94
30,14,827,96
30,15,516,407
30,16,183,740
30,17,397,526
30,18,14,909
30,19,310,613
30,20,297,626
30,21,251,672
30,22,718,205
30,23,306,617
30,24,488,435
30,25,186,737
30,26,791,132
30,27,565,358
30,28,534,389
30,29,491,432
31,0,893,30
31,1,819,104
31,2,882,41
31,3,868,55
31,4,739,184
31,5,811,112
31,6,865,58
31,7,842,81
31,8,853,70
31,9,771,152
31,10,775,148
31,11,821,102
31,12,819,104
31,13,829,94
31,14,827,96
31,15,516,407
31,16,183,740
31,17,397,526
31,18,14,909
31,19,310,613
31,20,297,626
31,21,251,672
31,22,718,205
31,23,306,617
31,24,488,435
31,25,186,737
31,26,791,132
31,27,565,358
31,28,534,389
31,29,491,432
32,0,893,30
32,1,819,104
32,2,882,41
32,3,868,55
32,4,739,184
32,5,814,109
32,6,865,58
32,7,842,81
32,8,853,70
32,9,770,153
32,10,775,148
32,11,821,102
32,12,819,104
32,13,829,94
32,14,827,96
32,15,516,407
32,16,183,740
32,17,397,526
32,18,14,909
32,19,310,613
32,20,297,626
32,21,251,672
32,22,718,205
32,23,306,617
32,24,488,435
32,25,186,737
32,26,791,132
32,27,565,358
32,28,534,389
32,29,491,432
33,0,888,30
33,1,814,104
33,2,877,41
33,3,863,55
33,4,734,184
33,5,806,112
33,6,860,58
33,7,837,81
33,8,848,70
33,9,766,152
33,10,770,148
33,11,816,102
33,12,814,104
33,13,824,94
33,14,822,96
33,15,511,407
33,16,197,721
33,17,392,526
33,18,9,909
33,19,310,608
33,20,292,626
33,21,246,672
33,22,713,205
33,23,301,617
33,24,483,435
33,25,181,737
33,26,786,132
33,27,560,358
33,28,529,389
33,29,486,432
34,0,893,30
34,1,819,104
34,2,882,41
34,3,868,55
34,4,739,184
34,5,811,112
34,6,865,58
34,7,842,81
34,8,853,70
34,9,770,153
34,10,775,148
34,11,821,102
34,12,819,104
34,13,829,94
34,14,827,96
34,15,516,407
34,16,183,740
34,17,397,526
34,18,14,909
34,19,310,613
34,20,297,626
34,21,251,672
34,22,718,205
34,23,306,617
34,24,488,435
34,25,186,737
34,26,791,132
34,27,565,358
34,28,534,389
34,29,491,432
35,0,888,30
35,1,814,104
35,2,877,41
35,3,863,55
35,4,734,184
35,5,809,109
35,6,860,58
35,7,837,81
35,8,848,70
35,9,765,153
35,10,770,148
35,11,816,102
35,12,814,104
35,13,824,94
35,14,822,96
35,15,511,407
35,16,197,721
35,17,392,526
35,18,9,909
35,19,310,608
35,20,292,626
35,21,246,672
35,22,713,205
35,23,301,617
35,24,483,435
35,25,181,737
35,26,786,132
35,27,560,358
35,28,529,389
35,29,486,432
36,0,893,30
36,1,819,104
36,2,882,41
36,3,868,55
36,4,739,184
36,5,814,109
36,6,865,58
36,7,849,74
36,8,853,70
36,9,770,153
36,10,775,148
36,11,821,102
36,12,819,104
36,13,829,94
36,14,827,96
36,15,516,407
36,16,183,740
36,17,397,526
36,18,14,909
36,19,310,613
36,20,297,626
36,21,251,672
36,22,718,205
36,23,306,617
36,24,488,435
36,25,186,737
36,26,791,132
36,27,565,358
36,28,534,389
36,29,491,432
37,0,893,30
37,1,819,104
37,2,882,41
37,3,868,55
37,4,739,184
37,5,811,112
37,6,865,58
37,7,842,81
37,8,853,70
37,9,771,152
37,10,775,148
37,11,821,102
37,12,819,104
37,13,829,94
37,14,827,96
37,15,516,407
37,16,183,740
37,17,397,526
37,18,14,909
37,19,310,613
37,20,297,626
37,21,251,672
37,22,718,205
37,23,306,617
37,24,488,435
37,25,186,737
37,26,791,132
37,27,565,358
37,28,534,389
37,29,491,432
38,0,893,30
38,1,819,104
38,2,882,41
38,3,868,55
38,4,739,184
38,5,814,109
38,6,865,58
38,7,842,81
38,8,853,70
38,9,771,152
38,10,775,148
38,11,821,102
38,12,838,85
38,13,829,94
38,14,827,96
38,15,516,407
38,16,183,740
38,17,397,526
38,18,14,909
38,19,310,613
38,20,297,626
38,21,251,672
38,22,718,205
38,23,306,617
38,24,488,435
38,25,186,737
38,26,791,132
38,27,565,358
38,28,534,389
38,29,491,432
39,0,893,30
39,1,819,104
39,2,882,41
39,3,868,55
39,4,739,184
39,5,811,112
39,6,865,58
39,7,842,81
39,8,853,70
39,9,771,152
39,10,775,148
39,11,821,102
39,12,819,104
39,13,829,94
39,14,827,96
39,15,516,407
39,16,183,740
39,17,397,526
39,18,14,909
39,19,310,613
39,20,297,626
39,21,251,672
39,22,718,205
39,23,306,617
39,24,488,435
39,25,186,737
39,26,791,132
39,27,565,358
39,28,534,389
39,29,491,432
40,0,888,30
40,1,814,104
40,2,877,41
40,3,863,55
40,4,734,184
40,5,806,112
40,6,860,58
40,7,837,81
40,8,848,70
40,9,766,152
40,10,770,148
40,11,816,102
40,12,814,104
40,13,824,94
40,14,822,96
40,15,511,407
40,16,197,721
40,17,392,526
40,18,9,909
40,19,310,608
40,20,292,626
40,21,246,672
40,22,713,205
40,23,301,617
40,24,483,435
40,25,181,737
40,26,786,132
40,27,560,358
40,28,529,389
40,29,486,432
41,0,893,30
41,1,819,104
41,2,882,41
41,3,868,55
41,4,739,184
41,5,814,109
41,6,865,58
41,7,849,74
41,8,853,70
41,9,770,153
41,10,775,148
41,11,821,102
41,12,819,104
41,13,829,94
41,14,827,96
41,15,516,407
41,16,183,740
41,17,397,526
41,18,14,909
41,19,310,613
41,20,297,626
41,21,251,672
41,22,718,205
41,23,306,617
41,24,488,435
41,25,186,737
41,26,791,132
41,27,565,358
41,28,534,389
41,29,491,432
42,0,893,30
42,1,819,104
42,2,882,41
42,3,868,55
42,4,739,184
42,5,811,112
42,6,865,58
42,7,842,81
42,8,853,70
42,9,770,153
42,10,775,148
42,11,821,102
42,12,819,104
42,13,829,94
42,14,827,96
42,15,516,407
42,16,183,740
42,17,397,526
42,18,14,909
42,19,310,613
42,20,297,626
42,21,251,672
42,22,718,205
42,23,306,617
42,24,488,435
42,25,186,737
42,26,791,132
42,27,565,358
42,28,534,389
42,29,491,432
43,0,893,30
43,1,819,104
43,2,882,41
43,3,868,55
43,4,739,184
43,5,814,109
43,6,865,58
43,7,842,81
43,8,853,70
43,9,770,153
43,10,775,148
43,11,821,102
43,12,819,104
43,13,829,94
43,14,827,96
43,15,516,407
43,16,183,740
43,17,397,526
43,18,14,909
43,19,310,613
43,20,297,626
43,21,251,672
43,22,718,205
43,23,306,617
43,24,488,435
43,25,186,737
43,26,791,132
43,27,565,358
43,28,534,389
43,29,491,432
44,0,888,30
44,1,814,104
44,2,877,41
44,3,863,55
44,4,734,184
44,5,809,109
44,6,860,58
44,7,837,81
44,8,848,70
44,9,765,153
44,10,770,148
44,11,816,102
44,12,814,104
44,13,824,94
44,14,822,96
44,15,511,407
44,16,197,721
44,17,392,526
44,18,9,909
44,19,310,608
44,20,292,626
44,21,246,672
44,22,713,205
44,23,301,617
44,24,483,435
44,25,181,737
44,26,786,132
44,27,560,358
44,28,529,389
44,29,486,432
45,0,893,30
45,1,819,104
45,2,882,41
45,3,868,55
45,4,739,184
45,5,814,109
45,6,865,58
45,7,842,81
45,8,853,70
45,9,770,153
45,10,775,148
45,11,821,102
45,12,819,104
45,13,829,94
45,14,827,96
45,15,516,407
45,16,183,740
45,17,397,526
45,18,14,909
45,19,310,613
45,20,297,626
45,21,251,672
45,22,718,205
45,23,306,617
45,24,488,435
45,25,186,737
45,26,791,132
45,27,565,358
45,28,534,389
45,29,491,432
46,0,893,30
46,1,819,104
46,2,882,41
46,3,868,55
46,4,739,184
46,5,811,112
46,6,865,58
46,7,842,81
46,8,853,70
46,9,770,153
46,10,775,148
46,11,821,102
46,12,819,104
46,13,829,94
46,14,827,96
46,15,516,407
46,16,183,740
46,17,397,526
46,18,14,909
46,19,310,613
46,20,297,626
46,21,251,672
46,22,718,205
46,23,306,617
46,24,488,435
46,25,186,737
46,26,791,132
46,27,565,358
46,28,534,389
46,29,491,432
47,0,893,30
47,1,819,104
47,2,882,41
47,3,868,55
47,4,739,184
47,5,811,112
47,6,865,58
47,7,842,81
47,8,853,70
47,9,770,153
47,10,775,148
47,11,821,102
47,12,819,104
47,13,829,94
47,14,827,96
47,15,516,407
47,16,183,740
47,17,397,526
47,18,14,909
47,19,310,613
47,20,297,626
47,21,251,672
47,22,718,205
47,23,306,617
47,24,488,435
47,25,186,737
47,26,791,132
47,27,565,358
47,28,534,389
47,29,491,432
48,0,893,30
48,1,819,104
48,2,882,41
48,3,868,55
48,4,739,184
48,5,814,109
48,6,865,58
48,7,842,81
48,8,853,70
48,9,770,153
48,10,775,148
48,11,821,102
48,12,819,104
48,13,829,94
48,14,827,96
48,15,516,407
48,16,183,740
48,17,397,526
48,18,14,909
48,19,310,613
48,20,297,626
48,21,251,672
48,22,718,205
48,23,306,617
48,24,488,435
48,25,186,737
48,26,791,132
48,27,565,358
48,28,534,389
48,29,491,432
49,0,893,30
49,1,819,104
49,2,882,41
49,3,868,55
49,4,739,184
49,5,811,112
49,6,865,58
49,7,842,81
49,8,853,70
49,9,770,153
49,10,775,148
49,11,821,102
49,12,819,104
49,13,829,94
49,14,827,96
49,15,516,407
49,16,183,740
49,17,397,526
49,18,14,909
49,19,310,613
49,20,297,626
49,21,251,672
49,22,718,205
49,23,306,617
49,24,488,435
49,25,186,737
49,26,791,132
49,27,565,358
49,28,534,389
49,29,491,432
50,0,893,30
50,1,819,104
50,2,882,41
50,3,868,55
50,4,739,184
50,5,811,112
50,6,865,58
50,7,842,81
50,8,853,70
50,9,770,153
50,10,775,148
50,11,821,102
50,12,819,104
50,13,829,94
50,14,827,96
50,15,516,407
50,16,183,740
50,17,397,526
50,18,14,909
50,19,310,613
50,20,297,626
50,21,251,672
50,22,718,205
50,23,306,617
50,24,488,435
50,25,186,737
50,26,791,132
50,27,565,358
50,28,534,389
50,29,491,432
51,0,893,30
51,1,819,104
51,2,882,41
51,3,868,55
51,4,739,184
51,5,811,112
51,6,865,58
51,7,849,74
51,8,853,70
51,9,770,153
51,10,775,148
51,11,821,102
51,12,819,104
51,13,829,94
51,14,827,96
51,15,516,407
51,16,183,740
51,17,397,526
51,18,14,909
51,19,310,613
51,20,297,626
51,21,251,672
51,22,718,205
51,23,306,617
51,24,488,435
51,25,186,737
51,26,791,132
51,27,565,358
51,28,534,389
51,29,491,432
52,0,893,30
52,1,819,104
52,2,882,41
52,3,868,55
52,4,739,184
52,5,811,112
52,6,865,58
52,7,842,81
52,8,853,70
52,9,771,152
52,10,775,148
52,11,821,102
52,12,819,104
52,13,829,94
52,14,827,96
52,15,516,407
52,16,183,740
52,17,397,526
52,18,14,909
52,19,310,613
52,20,297,626
52,21,251,672
52,22,718,205
52,23,306,617
52,24,488,435
52,25,186,737
52,26,791,132
52,27,565,358
52,28,534,389
52,29,491,432
53,0,893,30
53,1,819,104
53,2,882,41
53,3,868,55
53,4,739,184
53,5,811,112
53,6,865,58
53,7,842,81
53,8,853,70
53,9,770,153
53,10,775,148
53,11,821,102
53,12,819,104
53,13,829,94
53,14,827,96
53,15,516,407
53,16,183,740
53,17,397,526
53,18,14,909
53,19,310,613
53,20,297,626
53,21,251,672
53,22,718,205
53,23,306,617
53,24,488,435
53,25,186,737
53,26,791,132
53,27,565,358
53,28,534,389
53,29,491,432
54,0,893,30
54,1,819,104
54,2,882,41
54,3,868,55
54,4,739,184
54,5,814,109
54,6,865,58
54,7,842,81
54,8,853,70
54,9,770,153
54,10,775,148
54,11,821,102
54,12,819,104
54,13,829,94
54,14,827,96
54,15,516,407
54,16,183,740
54,17,397,526
54,18,14,909
54,19,310,613
54,20,297,626
54,21,251,672
54,22,718,205
54,23,306,617
54,24,488,435
54,25,186,737
54,26,791,132
54,27,565,358
54,28,534,389
54,29,491,432
55,0,893,30
55,1,819,104
55,2,882,41
55,3,868,55
55,4,739,184
55,5,814,109
55,6,865,58
55,7,842,81
55,8,853,70
55,9,771,152
55,10,775,148
55,11,821,102
55,12,819,104
55,13,829,94
55,14,827,96
55,15,516,407
55,16,183,740
55,17,397,526
55,18,14,909
55,19,310,613
55,20,297,626
55,21,251,672
55,22,718,205
55,23,306,617
55,24,488,435
55,25,186,737
55,26,791,132
55,27,565,358
55,28,534,389
55,29,491,432
56,0,893,30
56,1,819,104
56,2,882,41
56,3,868,55
56,4,739,184
56,5,814,109
56,6,865,58
56,7,849,74
56,8,853,70
56,9,770,153
56,10,775,148
56,11,821,102
56,12,838,85
56,13,829,94
56,14,827,96
56,15,516,407
56,16,183,740
56,17,397,526
56,18,14,909
56,19,310,613
56,20,297,626
56,21,251,672
56,22,718,205
56,23,306,617
56,24,488,435
56,25,186,737
56,26,791,132
56,27,565,358
56,28,534,389
56,29,491,432
57,0,888,30
57,1,814,104
57,2,877,41
57,3,863,55
57,4,734,184
57,5,806,112
57,6,860,58
57,7,837,81
57,8,848,70
57,9,765,153
57,10,770,148
57,11,816,102
57,12,814,104
57,13,824,94
57,14,822,96
57,15,511,407
57,16,197,721
57,17,392,526
57,18,9,909
57,19,310,608
57,20,292,626
57,21,246,672
57,22,713,205
57,23,301,617
57,24,483,435
57,25,181,737
57,26,786,132
57,27,560,358
57,28,529,389
57,29,486,432
58,0,893,30
58,1,819,104
58,2,882,41
58,3,868,55
58,4,739,184
58,5,811,112
58,6,865,58
58,7,842,81
58,8,853,70
58,9,771,152
58,10,775,148
58,11,821,102
58,12,819,104
58,13,829,94
58,14,827,96
58,15,516,407
58,16,183,740
58,17,397,526
58,18,14,909
58,19,310,613
58,20,297,626
58,21,251,672
58,22,718,205
58,23,306,617
58,24,488,435
58,25,186,737
58,26,791,132
58,27,565,358
58,28,534,389
58,29,491,432
59,0,893,30
59,1,819,104
59,2,882,41
59,3,868,55
59,4,739,184
59,5,811,112
59,6,865,58
59,7,842,81
59,8,853,70
59,9,770,153
59,10,775,148
59,11,821,102
59,12,819,104
59,13,829,94
59,14,827,96
59,15,516,407
59,16,183,740
59,17,397,526
59,18,14,909
59,19,310,613
59,20,297,626
59,21,251,672
59,22,718,205
59,23,306,617
59,24,488,435
59,25,186,737
59,26,791,132
59,27,565,358
59,28,534,389
59,29,491,432
60,0,893,30
60,1,819,104
60,2,882,41
60,3,868,55
60,4,739,184
60,5,811,112
60,6,865,58
60,7,842,81
60,8,853,70
60,9,771,152
60,10,775,148
60,11,821,102
60,12,819,104
60,13,829,94
60,14,827,96
60,15,516,407
60,16,183,740
60,17,397,526
60,18,14,909
60,19,310,613
60,20,297,626
60,21,251,672
60,22,718,205
60,23,306,617
60,24,488,435
60,25,186,737
60,26,791,132
60,27,565,358
60,28,534,389
60,29,491,432
61,0,893,30
61,1,819,104
61,2,882,41
61,3,868,55
61,4,739,184
61,5,811,112
61,6,865,58
61,7,849,74
61,8,853,70
61,9,770,153
61,10,775,148
61,11,821,102
61,12,819,104
61,13,829,94
61,14,827,96
61,15,516,407
61,16,183,740
61,17,397,526
61,18,14,909
61,19,310,613
61,20,297,626
61,21,251,672
61,22,718,205
61,23,306,617
61,24,488,435
61,25,186,737
61,26,791,132
61,27,565,358
61,28,534,389
61,29,491,432
62,0,893,30
62,1,819,104
62,2,882,41
62,3,868,55
62,4,739,184
62,5,811,112
62,6,865,58
62,7,842,81
62,8,853,70
62,9,770,153
62,10,775,148
62,11,821,102
62,12,819,104
62,13,829,94
62,14,827,96
62,15,516,407
62,16,183,740
62,17,397,526
62,18,14,909
62,19,310,613
62,20,297,626
62,21,251,672
62,22,718,205
62,23,306,617
62,24,488,435
62,25,186,737
62,26,791,132
62,27,565,358
62,28,534,389
62,29,491,432
63,0,893,30
63,1,819,104
63,2,882,41
63,3,868,55
63,4,739,184
63,5,811,112
63,6,865,58
63,7,842,81
63,8,853,70
63,9,770,153
63,10,775,148
63,11,821,102
63,12,819,104
63,13,829,94
63,14,827,96
63,15,516,407
63,16,183,740
63,17,397,526
63,18,14,909
63,19,310,613
63,20,297,626
63,21,251,672
63,22,718,205
63,23,306,617
63,24,488,435
63,25,186,737
63,26,791,132
63,27,565,358
63,28,534,389
63,29,491,432
64,0,893,30
64,1,819,104
64,2,882,41
64,3,868,55
64,4,739,184
64,5,811,112
64,6,865,58
64,7,849,74
64,8,853,70
64,9,770,153
64,10,775,148
64,11,821,102
64,12,819,104
64,13,829,94
64,14,827,96
64,15,516,407
64,16,183,740
64,17,397,526
64,18,14,909
64,19,310,613
64,20,297,626
64,21,251,672
64,22,718,205
64,23,306,617
64,24,488,435
64,25,186,737
64,26,791,132
64,27,565,358
64,28,534,389
64,29,491,432
65,0,893,30
65,1,819,104
65,2,882,41
65,3,868,55
65,4,739,184
65,5,811,112
65,6,865,58
65,7,842,81
65,8,853,70
65,9,770,153
65,10,775,148
65,11,821,102
65,12,819,104
65,13,829,94
65,14,827,96
65,15,516,407
65,16,183,740
65,17,397,526
65,18,14,909
65,19,310,613
65,20,297,626
65,21,251,672
65,22,718,205
65,23,306,617
65,24,488,435
65,25,186,737
65,26,791,132
65,27,565,358
65,28,534,389
65,29,491,432
66,0,893,30
66,1,819,104
66,2,882,41
66,3,868,55
66,4,739,184
66,5,814,109
66,6,865,58
66,7,842,81
66,8,853,70
66,9,771,152
66,10,775,148
66,11,821,102
66,12,838,85
66,13,829,94
66,14,827,96
66,15,516,407
66,16,183,740
66,17,397,526
66,18,14,909
66,19,310,613
66,20,297,626
66,21,251,672
66,22,718,205
66,23,306,617
66,24,488,435
66,25,186,737
66,26,791,132
66,27,565,358
66,28,534,389
66,29,491,432
67,0,893,30
67,1,819,104
67,2,882,41
67,3,868,55
67,4,739,184
67,5,811,112
67,6,865,58
67,7,842,81
67,8,853,70
67,9,770,153
67,10,775,148
67,11,821,102
67,12,819,104
67,13,829,94
67,14,827,96
67,15,516,407
67,16,183,740
67,17,397,526
67,18,14,909
67,19,310,613
67,20,297,626
67,21,251,672
67,22,718,205
67,23,306,617
67,24,488,435
67,25,186,737
67,26,791,132
67,27,565,358
67,28,534,389
67,29,491,432
68,0,893,30
68,1,819,104
68,2,882,41
68,3,868,55
68,4,739,184
68,5,811,112
68,6,865,58
68,7,842,81
68,8,853,70
68,9,770,153
68,10,775,148
68,11,821,102
68,12,819,104
68,13,829,94
68,14,827,96
68,15,516,407
68,16,183,740
68,17,397,526
68,18,14,909
68,19,310,613
68,20,297,626
68,21,251,672
68,22,718,205
68,23,306,617
68,24,488,435
68,25,186,737
68,26,791,132
68,27,565,358
68,28,534,389
68,29,491,432
69,0,888,30
69,1,814,104
69,2,877,41
69,3,863,55
69,4,734,184
69,5,806,112
69,6,860,58
69,7,837,81
69,8,848,70
69,9,765,153
69,10,770,148
69,11,816,102
69,12,814,104
69,13,824,94
69,14,822,96
69,15,511,407
69,16,197,721
69,17,392,526
69,18,9,909
69,19,310,608
69,20,292,626
69,21,246,672
69,22,713,205
69,23,301,617
69,24,483,435
69,25,181,737
69,26,786,132
69,27,560,358
69,28,529,389
69,29,486,432
70,0,893,30
70,1,819,104
70,2,882,41
70,3,868,55
70,4,739,184
70,5,811,112
70,6,865,58
70,7,842,81
70,8,853,70
70,9,770,153
70,10,775,148
70,11,821,102
70,12,819,104
70,13,829,94
70,14,827,96
70,15,516,407
70,16,183,740
70,17,397,526
70,18,14,909
70,19,310,613
70,20,297,626
70,21,251,672
70,22,718,205
70,23,306,617
70,24,488,435
70,25,186,737
70,26,791,132
70,27,565,358
70,28,534,389
70,29,491,432
71,0,893,30
71,1,819,104
71,2,882,41
71,3,868,55
71,4,739,184
71,5,814,109
71,6,865,58
71,7,842,81
71,8,853,70
71,9,770,153
71,10,775,148
71,11,821,102
71,12,819,104
71,13,829,94
71,14,827,96
71,15,516,407
71,16,183,740
71,17,397,526
71,18,14,909
71,19,310,613
71,20,297,626
71,21,251,672
71,22,718,205
71,23,306,617
71,24,488,435
71,25,186,737
71,26,791,132
71,27,565,358
71,28,534,389
71,29,491,432
72,0,893,30
72,1,819,104
72,2,882,41
72,3,868,55
72,4,739,184
72,5,811,112
72,6,865,58
72,7,842,81
72,8,853,70
72,9,770,153
72,10,775,148
72,11,821,102
72,12,819,104
72,13,829,94
72,14,827,96
72,15,516,407
72,16,183,740
72,17,397,526
72,18,14,909
72,19,310,613
72,20,297,626
72,21,251,672
72,22,718,205
72,23,306,617
72,24,488,435
72,25,186,737
72,26,791,132
72,27,565,358
72,28,534,389
72,29,491,432
73,0,893,30
73,1,819,104
73,2,882,41
73,3,868,55
73,4,739,184
73,5,811,112
73,6,865,58
73,7,842,81
73,8,853,70
73,9,770,153
73,10,775,148
73,11,821,102
73,12,819,104
73,13,829,94
73,14,827,96
73,15,516,407
73,16,183,740
73,17,397,526
73,18,14,909
73,19,310,613
73,20,297,626
73,21,251,672
73,22,718,205
73,23,306,617
73,24,488,435
73,25,186,737
73,26,791,132
73,27,565,358
73,28,534,389
73,29,491,432
74,0,893,30
74,1,819,104
74,2,882,41
74,3,868,55
74,4,739,184
74,5,814,109
74,6,865,58
74,7,849,74
74,8,853,70
74,9,770,153
74,10,775,148
74,11,821,102
74,12,819,104
74,13,829,94
74,14,827,96
74,15,516,407
74,16,183,740
74,17,397,526
74,18,14,909
74,19,310,613
74,20,297,626
74,21,251,672
74,22,718,205
74,23,306,617
74,24,488,435
74,25,186,737
74,26,791,132
74,27,565,358
74,28,534,389
74,29,491,432
75,0,893,30
75,1,819,104
75,2,882,41
75,3,868,55
75,4,739,184
75,5,811,112
75,6,865,58
75,7,842,81
75,8,853,70
75,9,771,152
75,10,775,148
75,11,821,102
75,12,819,104
75,13,829,94
75,14,827,96
75,15,516,407
75,16,183,740
75,17,397,526
75,18,14,909
75,19,310,613
75,20,297,626
75,21,251,672
75,22,718,205
75,23,306,617
75,24,488,435
75,25,186,737
75,26,791,132
75,27,565,358
75,28,534,389
75,29,491,432
76,0,893,30
76,1,819,104
76,2,882,41
76,3,868,55
76,4,739,184
76,5,811,112
76,6,865,58
76,7,842,81
76,8,853,70
76,9,770,153
76,10,775,148
76,11,821,102
76,12,819,104
76,13,829,94
76,14,827,96
76,15,516,407
76,16,183,740
76,17,397,526
76,18,14,909
76,19,310,613
76,20,297,626
76,21,251,672
76,22,718,205
76,23,306,617
76,24,488,435
76,25,186,737
76,26,791,132
76,27,565,358
76,28,534,389
76,29,491,432
77,0,893,30
77,1,819,104
77,2,882,41
77,3,868,55
77,4,739,184
77,5,814,109
77,6,865,58
77,7,842,81
77,8,853,70
77,9,771,152
77,10,775,148
77,11,821,102
77,12,819,104
77,13,829,94
77,14,827,96
77,15,516,407
77,16,183,740
77,17,397,526
77,18,14,909
77,19,310,613
77,20,297,626
77,21,251,672
77,22,718,205
77,23,306,617
77,24,488,435
77,25,186,737
77,26,791,132
77,27,565,358
77,28,534,389
77,29,491,432
78,0,893,30
78,1,819,104
78,2,882,41
78,3,868,55
78,4,739,184
78,5,811,112
78,6,865,58
78,7,842,81
78,8,853,70
78,9,770,153
78,10,775,148
78,11,821,102
78,12,819,104
78,13,829,94
78,14,827,96
78,15,516,407
78,16,183,740
78,17,397,526
78,18,14,909
78,19,310,613
78,20,297,626
78,21,251,672
78,22,718,205
78,23,306,617
78,24,488,435
78,25,186,737
78,26,791,132
78,27,565,358
78,28,534,389
78,29,491,432
79,0,893,30
79,1,819,104
79,2,882,41
79,3,868,55
79,4,739,184
79,5,811,112
79,6,865,58
79,7,849,74
79,8,853,70
79,9,770,153
79,10,775,148
79,11,821,102
79,12,819,104
79,13,829,94
79,14,827,96
79,15,516,407
79,16,183,740
79,17,397,526
79,18,14,909
79,19,310,613
79,20,297,626
79,21,251,672
79,22,718,205
79,23,306,617
79,24,488,435
79,25,186,737
79,26,791,132
79,27,565,358
79,28,534,389
79,29,491,432
80,0,888,30
80,1,814,104
80,2,877,41
80,3,863,55
80,4,734,184
80,5,806,112
80,6,860,58
80,7,837,81
80,8,848,70
80,9,766,152
80,10,770,148
80,11,816,102
80,12,814,104
80,13,824,94
80,14,822,96
80,15,511,407
80,16,197,721
80,17,392,526
80,18,9,909
80,19,310,608
80,20,292,626
80,21,246,672
80,22,713,205
80,23,301,617
80,24,483,435
80,25,181,737
80,26,786,132
80,27,560,358
80,28,529,389
80,29,486,432
81,0,893,30
81,1,819,104
81,2,882,41
81,3,868,55
81,4,739,184
81,5,811,112
81,6,865,58
81,7,842,81
81,8,853,70
81,9,771,152
81,10,775,148
81,11,821,102
81,12,819,104
81,13,829,94
81,14,827,96
81,15,516,407
81,16,183,740
81,17,397,526
81,18,14,909
81,19,310,613
81,20,297,626
81,21,251,672
81,22,718,205
81,23,306,617
81,24,488,435
81,25,186,737
81,26,791,132
81,27,565,358
81,28,534,389
81,29,491,432
82,0,888,30
82,1,814,104
82,2,877,41
82,3,863,55
82,4,734,184
82,5,806,112
82,6,860,58
82,7,837,81
82,8,848,70
82,9,765,153
82,10,770,148
82,11,816,102
82,12,814,104
82,13,824,94
82,14,822,96
82,15,511,407
82,16,197,721
82,17,392,526
82,18,9,909
82,19,310,608
82,20,292,626
82,21,246,672
82,22,713,205
82,23,301,617
82,24,483,435
82,25,181,737
82,26,786,132
82,27,560,358
82,28,529,389
82,29,486,432
83,0,893,30
83,1,819,104
83,2,882,41
83,3,868,55
83,4,739,184
83,5,814,109
83,6,865,58
83,7,842,81
83,8,853,70
83,9,771,152
83,10,775,148
83,11,821,102
83,12,819,104
83,13,829,94
83,14,827,96
83,15,516,407
83,16,183,740
83,17,397,526
83,18,14,909
83,19,310,613
83,20,297,626
83,21,251,672
83,22,718,205
83,23,306,617
83,24,488,435
83,25,186,737
83,26,791,132
83,27,565,358
83,28,534,389
83,29,491,432
84,0,893,30
84,1,819,104
84,2,882,41
84,3,868,55
84,4,739,184
84,5,811,112
84,6,865,58
84,7,842,81
84,8,853,70
84,9,770,153
84,10,775,148
84,11,821,102
84,12,819,104
84,13,829,94
84,14,827,96
84,15,516,407
84,16,183,740
84,17,397,526
84,18,14,909
84,19,310,613
84,20,297,626
84,21,251,672
84,22,718,205
84,23,306,617
84,24,488,435
84,25,186,737
84,26,791,132
84,27,565,358
84,28,534,389
84,29,491,432
85,0,893,30
85,1,819,104
85,2,882,41
85,3,868,55
85,4,739,184
85,5,814,109
85,6,865,58
85,7,849,74
85,8,853,70
85,9,770,153
85,10,775,148
85,11,821,102
85,12,819,104
85,13,829,94
85,14,827,96
85,15,516,407
85,16,183,740
85,17,397,526
85,18,14,909
85,19,310,613
85,20,297,626
85,21,251,672
85,22,718,205
85,23,306,617
85,24,488,435
85,25,186,737
85,26,791,132
85,27,565,358
85,28,534,389
85,29,491,432
86,0,893,30
86,1,819,104
86,2,882,41
86,3,868,55
86,4,739,184
86,5,811,112
86,6,865,58
86,7,849,74
86,8,853,70
86,9,770,153
86,10,775,148
86,11,821,102
86,12,819,104
86,13,829,94
86,14,827,96
86,15,516,407
86,16,183,740
86,17,397,526
86,18,14,909
86,19,310,613
86,20,297,626
86,21,251,672
86,22,718,205
86,23,306,617
86,24,488,435
86,25,186,737
86,26,791,132
86,27,565,358
86,28,534,389
86,29,491,432
87,0,893,30
87,1,819,104
87,2,882,41
87,3,868,55
87,4,739,184
87,5,814,109
87,6,865,58
87,7,849,74
87,8,853,70
87,9,770,153
87,10,775,148
87,11,821,102
87,12,819,104
87,13,829,94
87,14,827,96
87,15,516,407
87,16,183,740
87,17,397,526
87,18,14,909
87,19,310,613
87,20,297,626
87,21,251,672
87,22,718,205
87,23,306,617
87,24,488,435
87,25,186,737
87,26,791,132
87,27,565,358
87,28,534,389
87,29,491,432
88,0,893,30
88,1,819,104
88,2,882,41
88,3,868,55
88,4,739,184
88,5,811,112
88,6,865,58
88,7,842,81
88,8,853,70
88,9,770,153
88,10,775,148
88,11,821,102
88,12,819,104
88,13,829,94
88,14,827,96
88,15,516,407
88,16,183,740
88,17,397,526
88,18,14,909
88,19,310,613
88,20,297,626
88,21,251,672
88,22,718,205
88,23,306,617
88,24,488,435
88,25,186,737
88,26,791,132
88,27,565,358
88,28,534,389
88,29,491,432
89,0,888,30
89,1,814,104
89,2,877,41
89,3,863,55
89,4,734,184
89,5,806,112
89,6,860,58
89,7,837,81
89,8,848,70
89,9,765,153
89,10,770,148
89,11,816,102
89,12,814,104
89,13,824,94
89,14,822,96
89,15,511,407
89,16,197,721
89,17,392,526
89,18,9,909
89,19,310,608
89,20,292,626
89,21,246,672
89,22,713,205
89,23,301,617
89,24,483,435
89,25,181,737
89,26,786,132
89,27,560,358
89,28,529,389
89,29,486,432
90,0,893,30
90,1,819,104
90,2,882,41
90,3,868,55
90,4,739,184
90,5,814,109
90,6,865,58
90,7,849,74
90,8,853,70
90,9,770,153
90,10,775,148
90,11,821,102
90,12,819,104
90,13,829,94
90,14,827,96
90,15,516,407
90,16,183,740
90,17,397,526
90,18,14,909
90,19,310,613
90,20,297,626
90,21,251,672
90,22,718,205
90,23,306,617
90,24,488,435
90,25,186,737
90,26,791,132
90,27,565,358
90,28,534,389
90,29,491,432
91,0,893,30
91,1,819,104
91,2,882,41
91,3,868,55
91,4,739,184
91,5,811,112
91,6,865,58
91,7,849,74
91,8,853,70
91,9,771,152
91,10,775,148
91,11,821,102
91,12,819,104
91,13,829,94
91,14,827,96
91,15,516,407
91,16,183,740
91,17,397,526
91,18,14,909
91,19,310,613
91,20,297,626
91,21,251,672
91,22,718,205
91,23,306,617
91,24,488,435
91,25,186,737
91,26,791,132
91,27,565,358
91,28,534,389
91,29,491,432
92,0,893,30
92,1,819,104
92,2,882,41
92,3,868,55
92,4,739,184
92,5,814,109
92,6,865,58
92,7,849,74
92,8,853,70
92,9,770,153
92,10,775,148
92,11,821,102
92,12,819,104
92,13,829,94
92,14,827,96
92,15,516,407
92,16,183,740
92,17,397,526
92,18,14,909
92,19,310,613
92,20,297,626
92,21,251,672
92,22,718,205
92,23,306,617
92,24,488,435
92,25,186,737
92,26,791,132
92,27,565,358
92,28,534,389
92,29,491,432
93,0,893,30
93,1,819,104
93,2,882,41
93,3,868,55
93,4,739,184
93,5,811,112
93,6,865,58
93,7,842,81
93,8,853,70
93,9,771,152
93,10,775,148
93,11,821,102
93,12,819,104
93,13,829,94
93,14,827,96
93,15,516,407
93,16,183,740
93,17,397,526
93,18,14,909
93,19,310,613
93,20,297,626
93,21,251,672
93,22,718,205
93,23,306,617
93,24,488,435
93,25,186,737
93,26,791,132
93,27,565,358
93,28,534,389
93,29,491,432
94,0,893,30
94,1,819,104
94,2,882,41
94,3,868,55
94,4,739,184
94,5,811,112
94,6,865,58
94,7,842,81
94,8,853,70
94,9,771,152
94,10,775,148
94,11,821,102
94,12,819,104
94,13,829,94
94,14,827,96
94,15,516,407
94,16,183,740
94,17,397,526
94,18,14,909
94,19,310,613
94,20,297,626
94,21,251,672
94,22,718,205
94,23,306,617
94,24,488,435
94,25,186,737
94,26,791,132
94,27,565,358
94,28,534,389
94,29,491,432
95,0,893,30
95,1,819,104
95,2,882,41
95,3,868,55
95,4,739,184
95,5,811,112
95,6,865,58
95,7,849,74
95,8,853,70
95,9,770,153
95,10,775,148
95,11,821,102
95,12,819,104
95,13,829,94
95,14,827,96
95,15,516,407
95,16,183,740
95,17,397,526
95,18,14,909
95,19,310,613
95,20,297,626
95,21,251,672
95,22,718,205
95,23,306,617
95,24,488,435
95,25,186,737
95,26,791,132
95,27,565,358
95,28,534,389
95,29,491,432
96,0,893,30
96,1,819,104
96,2,882,41
96,3,868,55
96,4,739,184
96,5,811,112
96,6,865,58
96,7,842,81
96,8,853,70
96,9,771,152
96,10,775,148
96,11,821,102
96,12,819,104
96,13,829,94
96,14,827,96
96,15,516,407
96,16,183,740
96,17,397,526
96,18,14,909
96,19,310,613
96,20,297,626
96,21,251,672
96,22,718,205
96,23,306,617
96,24,488,435
96,25,186,737
96,26,791,132
96,27,565,358
96,28,534,389
96,29,491,432
97,0,893,30
97,1,819,104
97,2,882,41
97,3,868,55
97,4,739,184
97,5,811,112
97,6,865,58
97,7,849,74
97,8,853,70
97,9,770,153
97,10,775,148
97,11,821,102
97,12,819,104
97,13,829,94
97,14,827,96
97,15,516,407
97,16,183,740
97,17,397,526
97,18,14,909
97,19,310,613
97,20,297,626
97,21,251,672
97,22,718,205
97,23,306,617
97,24,488,435
97,25,186,737
97,26,791,132
97,27,565,358
97,28,534,389
97,29,491,432
98,0,893,30
98,1,819,104
98,2,882,41
98,3,868,55
98,4,739,184
98,5,811,112
98,6,865,58
98,7,842,81
98,8,853,70
98,9,770,153
98,10,775,148
98,11,821,102
98,12,838,85
98,13,829,94
98,14,827,96
98,15,516,407
98,16,183,740
98,17,397,526
98,18,14,909
98,19,310,613
98,20,297,626
98,21,251,672
98,22,718,205
98,23,306,617
98,24,488,435
98,25,186,737
98,26,791,132
98,27,565,358
98,28,534,389
98,29,491,432
99,0,893,30
99,1,819,104
99,2,882,41
99,3,868,55
99,4,739,184
99,5,811,112
99,6,865,58
99,7,842,81
99,8,853,70
99,9,770,153
99,10,775,148
99,11,821,102
99,12,819,104
99,13,829,94
99,14,827,96
99,15,516,407
99,16,183,740
99,17,397,526
99,18,14,909
99,19,310,613
99,20,297,626
99,21,251,672
99,22,718,205
99,23,306,617
99,24,488,435
99,25,186,737
99,26,791,132
99,27,565,358
99,28,534,389
99,29,491,432
